SUMLEV,STATE,COUNTY,STNAME,CTYNAME,YEAR,AGEGRP,TOT_POP,TOT_MALE,TOT_FEMALE,WA_MALE,WA_FEMALE,BA_MALE,BA_FEMALE,IA_MALE,IA_FEMALE,AA_MALE,AA_FEMALE,NA_MALE,NA_FEMALE,TOM_MALE,TOM_FEMALE,WAC_MALE,WAC_FEMALE,BAC_MALE,BAC_FEMALE,IAC_MALE,IAC_FEMALE,AAC_MALE,AAC_FEMALE,NAC_MALE,NAC_FEMALE,NH_MALE,NH_FEMALE,NHWA_MALE,NHWA_FEMALE,NHBA_MALE,NHBA_FEMALE,NHIA_MALE,NHIA_FEMALE,NHAA_MALE,NHAA_FEMALE,NHNA_MALE,NHNA_FEMALE,NHTOM_MALE,NHTOM_FEMALE,NHWAC_MALE,NHWAC_FEMALE,NHBAC_MALE,NHBAC_FEMALE,NHIAC_MALE,NHIAC_FEMALE,NHAAC_MALE,NHAAC_FEMALE,NHNAC_MALE,NHNAC_FEMALE,H_MALE,H_FEMALE,HWA_MALE,HWA_FEMALE,HBA_MALE,HBA_FEMALE,HIA_MALE,HIA_FEMALE,HAA_MALE,HAA_FEMALE,HNA_MALE,HNA_FEMALE,HTOM_MALE,HTOM_FEMALE,HWAC_MALE,HWAC_FEMALE,HBAC_MALE,HBAC_FEMALE,HIAC_MALE,HIAC_FEMALE,HAAC_MALE,HAAC_FEMALE,HNAC_MALE,HNAC_FEMALE
050,44,001,Rhode Island,Bristol County,1,0,50793,24629,26164,22982,24538,433,338,79,66,583,718,23,10,529,494,23458,24992,653,560,213,175,800,924,65,43,23747,25359,22273,23861,358,294,55,47,574,710,9,4,478,443,22707,24271,546,479,177,141,780,910,46,34,882,805,709,677,75,44,24,19,9,8,14,6,51,51,751,721,107,81,36,34,20,14,19,9
050,44,001,Rhode Island,Bristol County,1,1,1958,977,981,852,847,11,29,0,2,39,42,4,1,71,60,920,902,42,56,6,6,76,75,4,4,916,922,801,798,10,23,0,1,39,42,0,0,66,58,864,851,37,49,6,5,75,74,0,3,61,59,51,49,1,6,0,1,0,0,4,1,5,2,56,51,5,7,0,1,1,1,4,1
050,44,001,Rhode Island,Bristol County,1,2,2511,1274,1237,1135,1097,20,26,6,4,57,53,1,2,55,55,1188,1151,46,55,13,12,82,78,3,4,1221,1168,1094,1044,13,20,2,1,57,53,1,0,54,50,1146,1093,38,45,9,7,82,78,3,2,53,69,41,53,7,6,4,3,0,0,0,2,1,5,42,58,8,10,4,5,0,0,0,2
050,44,001,Rhode Island,Bristol County,1,3,3066,1596,1470,1404,1298,38,28,11,7,67,55,2,1,74,81,1472,1376,79,65,25,13,96,97,7,4,1508,1400,1341,1239,28,26,5,4,67,55,0,0,67,76,1403,1313,65,60,16,9,96,96,4,2,88,70,63,59,10,2,6,3,0,0,2,1,7,5,69,63,14,5,9,4,0,1,3,2
050,44,001,Rhode Island,Bristol County,1,4,3895,1921,1974,1757,1795,31,36,6,6,62,71,1,0,64,66,1816,1855,54,72,16,15,94,99,8,5,1836,1895,1682,1728,29,31,3,5,60,70,1,0,61,61,1738,1783,51,63,13,13,90,98,8,5,85,79,75,67,2,5,3,1,2,1,0,0,3,5,78,72,3,9,3,2,4,1,0,0
050,44,001,Rhode Island,Bristol County,1,5,3502,1722,1780,1574,1662,41,31,10,6,30,33,1,1,66,47,1636,1703,70,52,23,18,55,53,4,3,1656,1708,1526,1601,34,30,6,4,30,32,0,1,60,40,1582,1635,59,46,19,14,53,52,3,3,66,72,48,61,7,1,4,2,0,1,1,0,6,7,54,68,11,6,4,4,2,1,1,0
050,44,001,Rhode Island,Bristol County,1,6,2467,1296,1171,1211,1108,30,23,10,2,16,14,1,1,28,23,1231,1131,42,35,21,6,27,23,6,3,1229,1134,1161,1079,25,19,6,2,15,14,1,1,21,19,1177,1098,34,27,14,6,25,23,3,3,67,37,50,29,5,4,4,0,1,0,0,0,7,4,54,33,8,8,7,0,2,0,3,0
050,44,001,Rhode Island,Bristol County,1,7,2591,1295,1296,1189,1198,46,20,7,6,30,46,0,1,23,25,1208,1220,55,30,14,13,40,57,2,2,1208,1230,1121,1147,30,16,7,3,30,46,0,0,20,18,1137,1164,37,21,13,6,40,56,2,1,87,66,68,51,16,4,0,3,0,0,0,1,3,7,71,56,18,9,1,7,0,1,0,1
050,44,001,Rhode Island,Bristol County,1,8,2949,1429,1520,1331,1397,23,20,2,1,38,76,1,1,34,25,1361,1422,36,27,10,7,53,86,5,4,1334,1441,1254,1324,13,19,2,0,36,76,1,0,28,22,1279,1346,21,24,9,6,50,85,5,3,95,79,77,73,10,1,0,1,2,0,0,1,6,3,82,76,15,3,1,1,3,1,0,1
050,44,001,Rhode Island,Bristol County,1,9,2806,1349,1457,1231,1326,37,32,0,8,55,70,4,0,22,21,1249,1343,44,44,11,16,63,78,5,2,1280,1395,1176,1276,30,29,0,6,54,69,1,0,19,15,1192,1289,35,35,10,12,61,76,2,2,69,62,55,50,7,3,0,2,1,1,3,0,3,6,57,54,9,9,1,4,2,2,3,0
050,44,001,Rhode Island,Bristol County,1,10,3236,1593,1643,1466,1507,40,23,2,6,60,87,5,0,20,20,1483,1524,44,29,10,12,70,94,9,6,1549,1591,1429,1462,40,21,1,3,60,87,3,0,16,18,1443,1478,43,26,8,9,67,93,7,5,44,52,37,45,0,2,1,3,0,0,2,0,4,2,40,46,1,3,2,3,3,1,2,1
050,44,001,Rhode Island,Bristol County,1,11,3583,1746,1837,1640,1753,37,20,6,1,44,49,1,0,18,14,1655,1766,42,25,15,9,50,50,5,1,1697,1795,1596,1717,34,15,6,1,43,49,1,0,17,13,1610,1729,38,20,15,9,49,50,5,0,49,42,44,36,3,5,0,0,1,0,0,0,1,1,45,37,4,5,0,0,1,0,0,1
050,44,001,Rhode Island,Bristol County,1,12,4093,1928,2165,1837,2095,30,18,3,4,40,38,2,0,16,10,1850,2105,35,20,12,8,43,42,4,0,1898,2133,1815,2068,28,17,3,4,39,35,0,0,13,9,1827,2077,30,18,11,8,42,39,1,0,30,32,22,27,2,1,0,0,1,3,2,0,3,1,23,28,5,2,1,0,1,3,3,0
050,44,001,Rhode Island,Bristol County,1,13,3960,1938,2022,1887,1973,19,11,2,5,18,22,0,1,12,10,1898,1982,24,15,9,10,18,24,1,1,1918,1997,1872,1951,16,10,2,5,18,22,0,1,10,8,1881,1959,20,13,8,8,18,24,1,1,20,25,15,22,3,1,0,0,0,0,0,0,2,2,17,23,4,2,1,2,0,0,0,0
050,44,001,Rhode Island,Bristol County,1,14,3219,1541,1678,1509,1637,10,5,5,2,9,20,0,0,8,14,1517,1647,13,10,9,11,11,23,1,2,1535,1659,1505,1620,9,5,4,2,9,19,0,0,8,13,1513,1629,12,10,8,10,11,22,1,2,6,19,4,17,1,0,1,0,0,1,0,0,0,1,4,18,1,0,1,1,0,1,0,0
050,44,001,Rhode Island,Bristol County,1,15,2550,1183,1367,1160,1343,6,3,5,0,9,15,0,0,3,6,1163,1348,6,5,8,3,9,17,0,0,1176,1356,1155,1333,5,3,5,0,8,14,0,0,3,6,1158,1338,5,5,8,3,8,16,0,0,7,11,5,10,1,0,0,0,1,1,0,0,0,0,5,10,1,0,0,0,1,1,0,0
050,44,001,Rhode Island,Bristol County,1,16,1724,775,949,761,919,4,3,3,4,1,15,0,1,6,7,766,925,7,7,7,7,2,15,0,2,762,935,749,907,4,1,2,4,1,15,0,1,6,7,754,913,7,5,6,7,2,15,0,2,13,14,12,12,0,2,1,0,0,0,0,0,0,0,12,12,0,2,1,0,0,0,0,0
050,44,001,Rhode Island,Bristol County,1,17,1190,520,670,509,656,3,1,0,1,4,8,0,0,4,4,513,659,4,3,2,3,5,9,0,0,494,667,483,653,3,1,0,1,4,8,0,0,4,4,487,656,4,3,2,3,5,9,0,0,26,3,26,3,0,0,0,0,0,0,0,0,0,0,26,3,0,0,0,0,0,0,0,0
050,44,001,Rhode Island,Bristol County,1,18,1493,546,947,529,927,7,9,1,1,4,4,0,0,5,6,532,933,10,10,2,6,6,4,1,0,530,933,513,914,7,8,1,1,4,4,0,0,5,6,516,920,10,9,2,6,6,4,1,0,16,14,16,13,0,1,0,0,0,0,0,0,0,0,16,13,0,1,0,0,0,0,0,0
050,44,001,Rhode Island,Bristol County,2,0,50750,24627,26123,22956,24478,440,344,84,68,591,727,25,10,531,496,23433,24927,654,559,228,173,812,943,80,54,23736,25320,22246,23805,363,297,58,49,582,719,9,4,478,446,22677,24211,550,477,180,141,792,927,59,43,891,803,710,673,77,47,26,19,9,8,16,6,53,50,756,716,104,82,48,32,20,16,21,11
050,44,001,Rhode Island,Bristol County,2,1,1947,975,972,849,836,11,29,0,2,39,45,4,1,72,59,916,892,44,54,13,6,77,76,5,6,914,913,799,788,9,22,0,1,39,45,0,0,67,57,863,843,40,46,8,3,77,76,1,5,61,59,50,48,2,7,0,1,0,0,4,1,5,2,53,49,4,8,5,3,0,0,4,1
050,44,001,Rhode Island,Bristol County,2,2,2494,1258,1236,1119,1091,21,29,7,4,57,54,2,2,52,56,1169,1145,45,54,15,10,81,80,4,6,1203,1167,1079,1039,13,22,2,1,57,54,1,0,51,51,1128,1089,36,45,10,6,81,78,3,3,55,69,40,52,8,7,5,3,0,0,1,2,1,5,41,56,9,9,5,4,0,2,1,3
050,44,001,Rhode Island,Bristol County,2,3,3048,1590,1458,1398,1286,38,27,11,7,68,57,2,1,73,80,1468,1363,75,64,24,13,99,96,6,6,1503,1389,1337,1227,28,25,5,4,68,57,0,0,65,76,1399,1301,60,58,16,9,98,96,3,4,87,69,61,59,10,2,6,3,0,0,2,1,8,4,69,62,15,6,8,4,1,0,3,2
050,44,001,Rhode Island,Bristol County,2,4,3893,1927,1966,1761,1789,32,35,7,6,60,69,1,0,66,67,1822,1848,53,70,21,15,95,99,6,7,1843,1888,1687,1724,30,29,4,5,58,68,1,0,63,62,1745,1779,51,59,18,13,91,98,5,7,84,78,74,65,2,6,3,1,2,1,0,0,3,5,77,69,2,11,3,2,4,1,1,0
050,44,001,Rhode Island,Bristol County,2,5,3491,1720,1771,1570,1650,43,31,10,6,31,34,1,1,65,49,1629,1696,67,45,23,22,62,58,7,3,1651,1700,1519,1591,36,30,6,4,31,33,0,1,59,41,1572,1629,57,42,19,16,59,55,6,3,69,71,51,59,7,1,4,2,0,1,1,0,6,8,57,67,10,3,4,6,3,3,1,0
050,44,001,Rhode Island,Bristol County,2,6,2466,1294,1172,1208,1108,30,26,12,2,15,14,1,1,28,21,1233,1129,42,35,20,6,25,23,4,3,1225,1136,1156,1079,25,22,7,2,14,14,1,1,22,18,1176,1097,33,28,12,6,24,23,4,3,69,36,52,29,5,4,5,0,1,0,0,0,6,3,57,32,9,7,8,0,1,0,0,0
050,44,001,Rhode Island,Bristol County,2,7,2601,1301,1300,1189,1203,48,21,7,6,33,43,0,1,24,26,1209,1219,57,38,17,16,38,54,4,3,1211,1231,1119,1151,32,16,7,3,33,43,0,0,20,18,1135,1162,39,25,15,10,38,53,4,1,90,69,70,52,16,5,0,3,0,0,0,1,4,8,74,57,18,13,2,6,0,1,0,2
050,44,001,Rhode Island,Bristol County,2,8,2956,1431,1525,1335,1401,22,19,2,1,37,78,1,1,34,25,1361,1424,36,27,11,5,55,92,8,2,1336,1446,1257,1328,12,18,2,0,35,78,1,0,29,22,1279,1348,23,24,9,4,52,91,8,1,95,79,78,73,10,1,0,1,2,0,0,1,5,3,82,76,13,3,2,1,3,1,0,1
050,44,001,Rhode Island,Bristol County,2,9,2824,1365,1459,1245,1326,38,32,0,8,55,71,4,0,23,22,1264,1346,46,41,8,16,63,77,8,2,1296,1397,1191,1276,31,29,0,6,54,70,1,0,19,16,1207,1290,37,35,6,14,61,75,4,0,69,62,54,50,7,3,0,2,1,1,3,0,4,6,57,56,9,6,2,2,2,2,4,2
050,44,001,Rhode Island,Bristol County,2,10,3202,1567,1635,1437,1498,40,25,2,6,64,85,6,0,18,21,1451,1517,47,33,11,12,69,94,11,3,1521,1582,1399,1452,40,23,1,3,64,85,3,0,14,19,1410,1469,45,30,7,8,68,93,8,3,46,53,38,46,0,2,1,3,0,0,3,0,4,2,41,48,2,3,4,4,1,1,3,0
050,44,001,Rhode Island,Bristol County,2,11,3569,1739,1830,1633,1743,36,19,7,1,44,53,1,0,18,14,1646,1756,43,26,16,6,47,56,5,1,1690,1789,1589,1707,33,15,7,1,43,53,1,0,17,13,1602,1719,39,21,15,6,46,56,5,1,49,41,44,36,3,4,0,0,1,0,0,0,1,1,44,37,4,5,1,0,1,0,0,0
050,44,001,Rhode Island,Bristol County,2,12,4062,1917,2145,1823,2076,31,18,3,4,40,37,2,0,18,10,1839,2084,35,20,12,7,43,42,8,3,1885,2114,1800,2050,29,17,3,4,39,34,0,0,14,9,1812,2057,33,18,10,7,40,39,4,3,32,31,23,26,2,1,0,0,1,3,2,0,4,1,27,27,2,2,2,0,3,3,4,0
050,44,001,Rhode Island,Bristol County,2,13,3977,1939,2038,1885,1986,20,12,2,6,19,24,0,1,13,9,1897,1991,27,18,7,11,21,27,1,3,1919,2013,1870,1963,17,11,2,6,19,24,0,1,11,8,1880,1967,22,16,7,11,21,27,1,3,20,25,15,23,3,1,0,0,0,0,0,0,2,1,17,24,5,2,0,0,0,0,0,0
050,44,001,Rhode Island,Bristol County,2,14,3252,1556,1696,1523,1653,10,5,5,3,10,21,0,0,8,14,1531,1665,11,7,11,11,12,25,1,2,1550,1677,1519,1636,9,5,4,3,10,20,0,0,8,13,1527,1647,10,6,10,11,12,24,1,2,6,19,4,17,1,0,1,0,0,1,0,0,0,1,4,18,1,1,1,0,0,1,0,0
050,44,001,Rhode Island,Bristol County,2,15,2568,1195,1373,1172,1348,6,3,5,0,9,16,0,0,3,6,1175,1352,7,6,6,4,10,17,0,1,1188,1362,1167,1338,5,3,5,0,8,15,0,0,3,6,1170,1342,6,6,6,4,9,16,0,1,7,11,5,10,1,0,0,0,1,1,0,0,0,0,5,10,1,0,0,0,1,1,0,0
050,44,001,Rhode Island,Bristol County,2,16,1743,782,961,768,930,4,3,3,4,1,16,0,1,6,7,774,936,5,7,7,6,3,16,0,3,771,947,758,918,4,1,2,4,1,16,0,1,6,7,764,924,5,5,6,6,3,16,0,3,11,14,10,12,0,2,1,0,0,0,0,0,0,0,10,12,0,2,1,0,0,0,0,0
050,44,001,Rhode Island,Bristol County,2,17,1183,527,656,514,644,3,1,0,1,5,6,0,0,5,4,518,648,5,4,3,1,6,7,2,0,501,653,488,641,3,1,0,1,5,6,0,0,5,4,492,645,5,4,3,1,6,7,2,0,26,3,26,3,0,0,0,0,0,0,0,0,0,0,26,3,0,0,0,0,0,0,0,0
050,44,001,Rhode Island,Bristol County,2,18,1474,544,930,527,910,7,9,1,1,4,4,0,0,5,6,531,916,9,10,3,6,6,4,0,0,529,916,512,897,7,8,1,1,4,4,0,0,5,6,516,903,9,9,3,6,6,4,0,0,15,14,15,13,0,1,0,0,0,0,0,0,0,0,15,13,0,1,0,0,0,0,0,0
050,44,001,Rhode Island,Bristol County,3,0,50818,24640,26178,22938,24484,449,354,82,71,620,758,26,8,525,503,23409,24931,672,570,216,189,845,974,78,60,23686,25313,22173,23756,365,300,56,50,611,751,9,3,472,453,22598,24158,550,487,180,153,822,954,59,51,954,865,765,728,84,54,26,21,9,7,17,5,53,50,811,773,122,83,36,36,23,20,19,9
050,44,001,Rhode Island,Bristol County,3,1,1879,940,939,834,814,13,26,0,4,38,41,1,0,54,54,886,866,38,49,5,9,66,68,1,4,880,878,781,765,10,19,0,2,38,41,0,0,51,51,830,814,32,40,5,6,66,68,0,4,60,61,53,49,3,7,0,2,0,0,1,0,3,3,56,52,6,9,0,3,0,0,1,0
050,44,001,Rhode Island,Bristol County,3,2,2424,1203,1221,1064,1068,23,33,6,5,53,54,5,2,52,59,1111,1119,49,62,11,13,78,84,8,7,1139,1149,1019,1015,14,24,1,1,53,54,1,0,51,55,1065,1062,39,50,6,8,78,84,3,5,64,72,45,53,9,9,5,4,0,0,4,2,1,4,46,57,10,12,5,5,0,0,5,2
050,44,001,Rhode Island,Bristol County,3,3,2981,1540,1441,1350,1280,40,25,8,5,69,62,2,1,71,68,1411,1345,77,57,20,14,101,94,8,4,1445,1364,1283,1211,27,22,3,3,69,62,0,0,63,66,1338,1274,58,53,13,10,100,94,5,3,95,77,67,69,13,3,5,2,0,0,2,1,8,2,73,71,19,4,7,4,1,0,3,1
050,44,001,Rhode Island,Bristol County,3,4,3899,1943,1956,1781,1775,33,33,9,7,50,67,1,0,69,74,1845,1844,59,69,22,19,89,101,6,9,1848,1873,1695,1706,31,27,6,6,49,67,1,0,66,67,1756,1768,56,58,19,17,86,99,6,9,95,83,86,69,2,6,3,1,1,0,0,0,3,7,89,76,3,11,3,2,3,2,0,0
050,44,001,Rhode Island,Bristol County,3,5,3508,1743,1765,1582,1631,41,28,9,7,42,46,1,1,68,52,1648,1679,64,48,22,22,72,71,8,3,1669,1693,1527,1571,35,26,4,5,41,45,0,1,62,45,1587,1612,54,44,16,16,70,68,7,3,74,72,55,60,6,2,5,2,1,1,1,0,6,7,61,67,10,4,6,6,2,3,1,0
050,44,001,Rhode Island,Bristol County,3,6,2419,1266,1153,1168,1084,30,30,10,2,24,12,1,0,33,25,1199,1105,43,43,18,7,40,24,7,2,1205,1111,1120,1048,26,28,6,1,23,12,1,0,29,22,1147,1067,37,39,14,6,37,22,7,2,61,42,48,36,4,2,4,1,1,0,0,0,4,3,52,38,6,4,4,1,3,2,0,0
050,44,001,Rhode Island,Bristol County,3,7,2755,1382,1373,1267,1282,49,24,9,7,35,33,2,1,20,26,1286,1302,57,36,14,15,43,43,3,6,1278,1301,1188,1229,32,16,8,4,35,33,0,0,15,19,1203,1244,37,24,12,9,41,40,1,3,104,72,79,53,17,8,1,3,0,0,2,1,5,7,83,58,20,12,2,6,2,3,2,3
050,44,001,Rhode Island,Bristol County,3,8,2985,1440,1545,1333,1404,25,21,3,0,45,92,0,1,34,27,1360,1427,42,30,15,8,56,104,7,3,1345,1469,1258,1335,13,19,3,0,44,92,0,0,27,23,1278,1355,23,26,14,7,55,103,7,1,95,76,75,69,12,2,0,0,1,0,0,1,7,4,82,72,19,4,1,1,1,1,0,2
050,44,001,Rhode Island,Bristol County,3,9,2944,1439,1505,1324,1376,34,31,0,7,48,67,4,0,29,24,1348,1398,45,39,11,15,58,74,7,3,1366,1430,1266,1315,26,28,0,4,47,66,2,0,25,17,1286,1330,34,33,11,11,56,71,5,2,73,75,58,61,8,3,0,3,1,1,2,0,4,7,62,68,11,6,0,4,2,3,2,1
050,44,001,Rhode Island,Bristol County,3,10,3045,1471,1574,1341,1433,38,29,2,6,69,84,7,0,14,22,1354,1452,42,35,8,11,75,93,9,5,1417,1511,1296,1377,38,27,1,3,68,84,3,0,11,20,1306,1394,41,31,6,8,73,93,5,5,54,63,45,56,0,2,1,3,1,0,4,0,3,2,48,58,1,4,2,3,2,0,4,0
050,44,001,Rhode Island,Bristol County,3,11,3569,1733,1836,1625,1727,34,19,6,1,46,74,1,0,21,15,1642,1741,41,24,19,7,52,78,5,4,1676,1789,1574,1685,31,15,6,1,45,74,1,0,19,14,1590,1698,36,19,17,7,51,78,5,4,57,47,51,42,3,4,0,0,1,0,0,0,2,1,52,43,5,5,2,0,1,0,0,0
050,44,001,Rhode Island,Bristol County,3,12,3906,1868,2038,1763,1971,35,18,3,3,44,36,1,0,22,10,1778,1976,45,24,13,8,50,39,5,1,1836,2005,1738,1942,34,17,3,3,44,34,0,0,17,9,1751,1947,41,22,11,7,46,37,4,1,32,33,25,29,1,1,0,0,0,2,1,0,5,1,27,29,4,2,2,1,4,2,1,0
050,44,001,Rhode Island,Bristol County,3,13,4016,1923,2093,1870,2040,19,13,3,6,21,25,0,1,10,8,1880,2046,23,17,8,8,22,27,1,3,1901,2068,1855,2017,15,12,3,6,20,24,0,1,8,8,1863,2023,17,16,8,8,21,26,1,3,22,25,15,23,4,1,0,0,1,1,0,0,2,0,17,23,6,1,0,0,1,1,0,0
050,44,001,Rhode Island,Bristol County,3,14,3390,1620,1770,1579,1722,14,7,5,5,15,21,0,0,7,15,1586,1735,18,11,8,11,15,28,0,3,1611,1749,1572,1704,13,7,4,5,15,20,0,0,7,13,1579,1715,17,10,7,11,15,26,0,3,9,21,7,18,1,0,1,0,0,1,0,0,0,2,7,20,1,1,1,0,0,2,0,0
050,44,001,Rhode Island,Bristol County,3,15,2661,1245,1416,1218,1386,6,5,5,0,11,19,0,0,5,6,1223,1391,7,7,7,4,14,19,1,1,1239,1405,1214,1377,5,4,5,0,10,18,0,0,5,6,1219,1382,6,6,7,4,13,18,1,1,6,11,4,9,1,1,0,0,1,1,0,0,0,0,4,9,1,1,0,0,1,1,0,0
050,44,001,Rhode Island,Bristol County,3,16,1808,810,998,798,969,5,3,1,4,1,14,0,1,5,7,803,974,7,7,4,7,1,15,0,2,801,983,789,956,5,1,1,4,1,14,0,1,5,7,794,961,7,5,4,7,1,15,0,2,9,15,9,13,0,2,0,0,0,0,0,0,0,0,9,13,0,2,0,0,0,0,0,0
050,44,001,Rhode Island,Bristol County,3,17,1175,525,650,510,638,3,1,2,1,5,6,0,0,5,4,514,641,6,3,6,3,6,7,1,0,498,645,484,633,3,1,1,1,5,6,0,0,5,4,488,636,6,3,5,3,6,7,1,0,27,5,26,5,0,0,1,0,0,0,0,0,0,0,26,5,0,0,1,0,0,0,0,0
050,44,001,Rhode Island,Bristol County,3,18,1454,549,905,531,884,7,8,1,1,4,5,0,0,6,7,535,890,9,9,5,8,7,5,1,0,532,890,514,870,7,7,1,1,4,5,0,0,6,7,518,876,9,8,5,8,7,5,1,0,17,15,17,14,0,1,0,0,0,0,0,0,0,0,17,14,0,1,0,0,0,0,0,0
050,44,003,Rhode Island,Kent County,1,0,170363,83041,87322,75641,80230,2394,2094,424,422,2500,2633,107,68,1975,1875,77449,81925,3385,3051,992,995,3120,3211,198,143,77853,82226,71622,76278,1866,1579,239,241,2412,2522,37,35,1677,1571,73151,77703,2662,2334,724,716,2990,3060,114,93,5188,5096,4019,3952,528,515,185,181,88,111,70,33,298,304,4298,4222,723,717,268,279,130,151,84,50
050,44,003,Rhode Island,Kent County,1,1,8096,4126,3970,3464,3379,146,152,38,50,205,169,4,4,269,216,3714,3579,295,271,94,96,296,242,12,10,3642,3491,3119,3056,91,94,6,11,185,152,2,2,239,176,3340,3221,221,188,54,44,272,219,8,5,484,479,345,323,55,58,32,39,20,17,2,2,30,40,374,358,74,83,40,52,24,23,4,5
050,44,003,Rhode Island,Kent County,1,2,8654,4426,4228,3745,3592,161,167,44,35,187,197,5,2,284,235,4008,3805,320,305,106,83,282,275,13,13,3958,3741,3420,3262,120,100,13,13,172,175,1,0,232,191,3638,3440,243,206,60,48,257,245,7,6,468,487,325,330,41,67,31,22,15,22,4,2,52,44,370,365,77,99,46,35,25,30,6,7
050,44,003,Rhode Island,Kent County,1,3,9276,4798,4478,4197,3902,153,140,24,19,167,154,8,0,249,263,4436,4147,292,287,82,83,243,236,16,7,4321,4014,3822,3558,110,99,16,9,161,143,3,0,209,205,4022,3752,222,208,65,52,232,218,9,3,477,464,375,344,43,41,8,10,6,11,5,0,40,58,414,395,70,79,17,31,11,18,7,4
050,44,003,Rhode Island,Kent County,1,4,8960,4667,4293,4132,3834,134,120,28,15,143,108,3,1,227,215,4346,4039,255,240,81,68,217,179,11,4,4219,3876,3767,3486,100,88,19,10,139,103,2,0,192,189,3950,3666,198,194,63,54,209,170,7,3,448,417,365,348,34,32,9,5,4,5,1,1,35,26,396,373,57,46,18,14,8,9,4,1
050,44,003,Rhode Island,Kent County,1,5,8623,4413,4210,3916,3748,161,133,14,24,117,140,27,9,178,156,4085,3895,253,212,50,66,177,193,34,12,3996,3807,3596,3426,123,93,10,11,113,128,1,9,153,140,3741,3557,200,164,41,47,167,180,7,10,417,403,320,322,38,40,4,13,4,12,26,0,25,16,344,338,53,48,9,19,10,13,27,2
050,44,003,Rhode Island,Kent County,1,6,11004,5585,5419,4970,4867,224,174,35,35,158,192,18,5,180,146,5136,4996,316,252,87,77,215,234,21,11,5071,4994,4570,4530,175,128,14,21,152,187,3,0,157,128,4715,4641,251,193,59,59,206,228,6,6,514,425,400,337,49,46,21,14,6,5,15,5,23,18,421,355,65,59,28,18,9,6,15,5
050,44,003,Rhode Island,Kent County,1,7,11703,5883,5820,5274,5182,215,185,42,33,248,294,6,7,98,119,5364,5287,263,246,77,69,277,330,9,14,5396,5419,4880,4873,159,141,21,19,247,286,4,5,85,95,4958,4957,197,187,52,47,276,317,7,11,487,401,394,309,56,44,21,14,1,8,2,2,13,24,406,330,66,59,25,22,1,13,2,3
050,44,003,Rhode Island,Kent County,1,8,11254,5698,5556,5060,4956,235,151,27,36,266,302,11,8,99,103,5147,5048,282,202,63,67,294,334,14,12,5199,5145,4660,4633,173,116,18,21,259,287,9,3,80,85,4728,4708,208,153,47,47,286,318,12,7,499,411,400,323,62,35,9,15,7,15,2,5,19,18,419,340,74,49,16,20,8,16,2,5
050,44,003,Rhode Island,Kent County,1,9,10133,5038,5095,4514,4662,218,143,28,18,188,188,6,5,84,79,4587,4729,258,181,57,51,209,211,13,11,4687,4740,4243,4370,183,113,17,8,180,183,0,3,64,63,4296,4425,210,141,42,34,198,203,6,8,351,355,271,292,35,30,11,10,8,5,6,2,20,16,291,304,48,40,15,17,11,8,7,3
050,44,003,Rhode Island,Kent County,1,10,10596,5258,5338,4813,4924,167,153,33,23,166,164,2,9,77,65,4874,4984,202,175,63,49,188,188,13,14,4965,5018,4583,4668,140,118,23,11,159,162,0,4,60,55,4629,4718,165,133,46,34,179,185,10,9,293,320,230,256,27,35,10,12,7,2,2,5,17,10,245,266,37,42,17,15,9,3,3,5
050,44,003,Rhode Island,Kent County,1,11,12359,6058,6301,5662,5921,144,123,22,27,162,158,6,4,62,68,5709,5979,167,147,52,60,184,177,12,7,5830,6045,5481,5707,116,107,15,17,159,155,3,2,56,57,5522,5754,135,124,43,48,181,173,9,4,228,256,181,214,28,16,7,10,3,3,3,2,6,11,187,225,32,23,9,12,3,4,3,3
050,44,003,Rhode Island,Kent County,1,12,13588,6447,7141,6138,6761,120,105,20,21,127,195,1,3,41,56,6173,6807,134,124,37,53,138,210,7,6,6269,6966,5994,6616,103,87,11,18,124,191,1,2,36,52,6024,6659,114,103,27,49,134,205,7,5,178,175,144,145,17,18,9,3,3,4,0,1,5,4,149,148,20,21,10,4,4,5,0,1
050,44,003,Rhode Island,Kent County,1,13,13260,6320,6940,5992,6618,113,110,23,26,143,118,2,9,47,59,6034,6666,126,133,48,57,159,131,3,15,6204,6775,5902,6491,97,95,16,18,143,117,1,4,45,50,5942,6533,109,109,40,46,159,130,2,10,116,165,90,127,16,15,7,8,0,1,1,5,2,9,92,133,17,24,8,11,0,1,1,5
050,44,003,Rhode Island,Kent County,1,14,10876,5121,5755,4892,5530,88,87,19,16,78,88,4,1,40,33,4928,5558,93,100,44,34,88,96,8,1,5025,5627,4816,5418,76,77,15,12,78,88,3,1,37,31,4849,5444,80,88,40,30,86,96,7,1,96,128,76,112,12,10,4,4,0,0,1,0,3,2,79,114,13,12,4,4,2,0,1,0
050,44,003,Rhode Island,Kent County,1,15,8671,3984,4687,3828,4520,57,58,6,14,69,65,0,1,24,29,3850,4541,65,72,19,34,74,67,6,4,3924,4594,3783,4443,50,48,6,12,66,65,0,0,19,26,3800,4461,55,60,17,31,71,67,6,3,60,93,45,77,7,10,0,2,3,0,0,1,5,3,50,80,10,12,2,3,3,0,0,1
050,44,003,Rhode Island,Kent County,1,16,5665,2499,3166,2422,3064,25,34,14,8,27,39,1,0,10,21,2431,3084,28,41,21,19,30,44,2,1,2472,3113,2400,3025,22,25,13,8,27,38,1,0,9,17,2408,3041,24,30,19,17,29,42,1,1,27,53,22,39,3,9,1,0,0,1,0,0,1,4,23,43,4,11,2,2,1,2,1,0
050,44,003,Rhode Island,Kent County,1,17,3557,1402,2155,1352,2077,17,21,2,16,25,35,1,0,5,6,1356,2083,19,24,6,19,25,36,2,0,1383,2132,1337,2057,15,19,2,16,25,35,1,0,3,5,1339,2062,16,21,5,19,25,36,1,0,19,23,15,20,2,2,0,0,0,0,0,0,2,1,17,21,3,3,1,0,0,0,1,0
050,44,003,Rhode Island,Kent County,1,18,4088,1318,2770,1270,2693,16,38,5,6,24,27,2,0,1,6,1271,2698,17,39,5,10,24,28,2,1,1292,2729,1249,2659,13,31,4,6,23,27,2,0,1,6,1250,2664,14,32,4,10,23,28,2,1,26,41,21,34,3,7,1,0,1,0,0,0,0,0,21,34,3,7,1,0,1,0,0,0
050,44,003,Rhode Island,Kent County,2,0,170323,83037,87286,75554,80127,2439,2126,424,427,2507,2637,110,72,2003,1897,77395,81859,3435,3074,979,956,3144,3246,208,163,77775,82115,71491,76124,1901,1601,241,243,2413,2525,36,38,1693,1584,73058,77575,2692,2335,715,692,3000,3082,112,113,5262,5171,4063,4003,538,525,183,184,94,112,74,34,310,313,4337,4284,743,739,264,264,144,164,96,50
050,44,003,Rhode Island,Kent County,2,1,8044,4085,3959,3426,3359,148,158,38,50,199,168,4,4,270,220,3680,3566,292,274,90,95,295,246,20,12,3599,3482,3084,3040,93,98,8,12,177,150,2,2,235,180,3308,3210,218,190,52,46,265,221,12,7,486,477,342,319,55,60,30,38,22,18,2,2,35,40,372,356,74,84,38,49,30,25,8,5
050,44,003,Rhode Island,Kent County,2,2,8653,4422,4231,3732,3598,164,159,45,36,188,197,6,2,287,239,3998,3824,329,295,103,79,283,274,13,14,3945,3745,3404,3263,120,98,14,14,172,177,1,0,234,193,3625,3447,246,202,59,46,256,247,5,8,477,486,328,335,44,61,31,22,16,20,5,2,53,46,373,377,83,93,44,33,27,27,8,6
050,44,003,Rhode Island,Kent County,2,3,9257,4781,4476,4167,3888,159,141,24,21,168,157,8,0,255,269,4410,4144,304,298,82,81,243,238,16,5,4301,4003,3792,3539,114,99,16,9,162,145,3,0,214,211,3997,3742,229,214,64,49,232,221,10,1,480,473,375,349,45,42,8,12,6,12,5,0,41,58,413,402,75,84,18,32,11,17,6,4
050,44,003,Rhode Island,Kent County,2,4,8944,4665,4279,4123,3814,136,126,29,15,145,109,3,1,229,214,4339,4012,253,244,82,62,222,181,9,12,4212,3856,3757,3467,101,91,19,9,141,104,2,0,192,185,3939,3641,196,188,61,51,213,169,5,10,453,423,366,347,35,35,10,6,4,5,1,1,37,29,400,371,57,56,21,11,9,12,4,2
050,44,003,Rhode Island,Kent County,2,5,8639,4425,4214,3919,3746,166,136,16,25,117,139,27,9,180,159,4089,3893,261,211,53,62,181,202,35,14,4000,3803,3595,3417,126,96,11,12,112,126,1,9,155,143,3742,3549,205,162,43,45,169,185,8,14,425,411,324,329,40,40,5,13,5,13,26,0,25,16,347,344,56,49,10,17,12,17,27,0
050,44,003,Rhode Island,Kent County,2,6,10965,5569,5396,4951,4848,223,175,32,33,160,188,20,6,183,146,5118,4982,314,250,85,66,219,237,30,13,5051,4972,4547,4509,175,130,14,21,153,184,3,1,159,127,4693,4625,251,194,61,50,207,229,12,7,518,424,404,339,48,45,18,12,7,4,17,5,24,19,425,357,63,56,24,16,12,8,18,6
050,44,003,Rhode Island,Kent County,2,7,11731,5894,5837,5286,5197,216,187,42,34,240,288,6,7,104,124,5380,5311,265,251,77,71,273,323,12,12,5404,5428,4888,4882,162,143,21,19,239,280,4,5,90,99,4969,4973,203,190,51,49,271,313,9,9,490,409,398,315,54,44,21,15,1,8,2,2,14,25,411,338,62,61,26,22,2,10,3,3
050,44,003,Rhode Island,Kent County,2,8,11274,5711,5563,5065,4955,241,157,25,35,271,304,10,9,99,103,5152,5043,290,211,54,65,298,337,18,12,5208,5149,4663,4630,178,120,16,21,263,289,8,4,80,85,4732,4704,212,160,41,46,289,320,16,6,503,414,402,325,63,37,9,14,8,15,2,5,19,18,420,339,78,51,13,19,9,17,2,6
050,44,003,Rhode Island,Kent County,2,9,10212,5075,5137,4543,4686,222,149,30,21,189,196,7,5,84,80,4617,4755,261,189,59,47,213,222,10,11,4708,4775,4259,4393,185,116,19,8,181,191,0,3,64,64,4317,4447,212,142,43,33,199,213,2,9,367,362,284,293,37,33,11,13,8,5,7,2,20,16,300,308,49,47,16,14,14,9,8,2
050,44,003,Rhode Island,Kent County,2,10,10467,5189,5278,4744,4863,169,152,30,22,167,165,2,11,77,65,4805,4920,199,173,61,42,191,190,11,18,4898,4950,4514,4599,142,118,21,10,160,163,0,5,61,55,4563,4648,162,132,46,29,183,185,6,11,291,328,230,264,27,34,9,12,7,2,2,6,16,10,242,272,37,41,15,13,8,5,5,7
050,44,003,Rhode Island,Kent County,2,11,12315,6039,6276,5630,5893,149,126,25,27,166,157,6,4,63,69,5682,5954,170,150,52,63,187,176,12,7,5804,6012,5445,5671,120,108,16,18,163,154,3,2,57,59,5492,5723,135,125,42,51,184,172,9,5,235,264,185,222,29,18,9,9,3,3,3,2,6,10,190,231,35,25,10,12,3,4,3,2
050,44,003,Rhode Island,Kent County,2,12,13575,6449,7126,6138,6746,121,105,19,21,126,196,1,3,44,55,6179,6789,134,124,39,50,138,212,4,10,6267,6945,5989,6598,105,86,10,18,123,191,1,2,39,50,6026,6638,115,102,28,45,135,205,3,9,182,181,149,148,16,19,9,3,3,5,0,1,5,5,153,151,19,22,11,5,3,7,1,1
050,44,003,Rhode Island,Kent County,2,13,13262,6325,6937,5992,6611,118,111,22,24,145,120,2,9,46,62,6034,6662,127,129,48,60,158,138,5,12,6205,6768,5898,6481,102,96,15,17,145,119,1,4,44,51,5938,6522,111,109,39,49,158,134,4,7,120,169,94,130,16,15,7,7,0,1,1,5,2,11,96,140,16,20,9,11,0,4,1,5
050,44,003,Rhode Island,Kent County,2,14,10978,5167,5811,4935,5583,89,89,20,19,79,87,4,1,40,32,4970,5611,101,99,44,36,89,94,5,3,5068,5675,4858,5467,76,77,16,13,79,87,3,1,36,30,4889,5493,84,85,40,30,89,94,4,3,99,136,77,116,13,12,4,6,0,0,1,0,4,2,81,118,17,14,4,6,0,0,1,0
050,44,003,Rhode Island,Kent County,2,15,8735,4023,4712,3858,4546,58,59,6,12,74,66,0,1,27,28,3882,4570,67,70,22,26,79,70,3,7,3963,4621,3813,4471,51,49,6,10,71,66,0,0,22,25,3832,4492,56,57,21,24,76,70,3,6,60,91,45,75,7,10,0,2,3,0,0,1,5,3,50,78,11,13,1,2,3,0,0,1
050,44,003,Rhode Island,Kent County,2,16,5713,2522,3191,2444,3088,27,34,14,9,27,39,1,0,9,21,2453,3108,31,40,19,20,29,45,1,0,2492,3135,2420,3047,23,24,13,9,27,38,1,0,8,17,2428,3063,27,28,17,18,29,43,1,0,30,56,24,41,4,10,1,0,0,1,0,0,1,4,25,45,4,12,2,2,0,2,0,0
050,44,003,Rhode Island,Kent County,2,17,3555,1399,2156,1349,2077,18,23,2,17,23,33,1,0,6,6,1355,2083,22,24,4,22,23,33,2,0,1379,2130,1334,2054,16,21,2,17,23,33,1,0,3,5,1337,2059,18,21,3,22,23,33,1,0,20,26,15,23,2,2,0,0,0,0,0,0,3,1,18,24,4,3,1,0,0,0,1,0
050,44,003,Rhode Island,Kent County,2,18,4004,1297,2707,1252,2629,15,39,5,6,23,28,2,0,0,5,1252,2632,15,42,5,9,23,28,2,1,1271,2666,1231,2596,12,31,4,6,22,28,2,0,0,5,1231,2599,12,34,4,9,22,28,2,1,26,41,21,33,3,8,1,0,1,0,0,0,0,0,21,33,3,8,1,0,1,0,0,0
050,44,003,Rhode Island,Kent County,3,0,170715,83216,87499,75435,80036,2651,2320,455,472,2558,2686,113,74,2004,1911,77275,81752,3638,3275,993,1005,3214,3306,213,178,77504,81857,71026,75705,2036,1694,247,252,2472,2575,38,44,1685,1587,72572,77129,2815,2435,709,698,3074,3145,122,129,5712,5642,4409,4331,615,626,208,220,86,111,75,30,319,324,4703,4623,823,840,284,307,140,161,91,49
050,44,003,Rhode Island,Kent County,3,1,7795,3907,3888,3282,3258,156,176,41,58,190,161,6,6,232,229,3502,3472,282,301,84,102,270,241,13,14,3382,3357,2907,2916,95,96,9,15,170,143,3,3,198,184,3095,3088,200,193,44,47,245,217,8,7,525,531,375,342,61,80,32,43,20,18,3,3,34,45,407,384,82,108,40,55,25,24,5,7
050,44,003,Rhode Island,Kent County,3,2,8663,4437,4226,3758,3616,172,154,45,43,186,191,8,3,268,219,4004,3822,329,281,96,83,274,263,15,12,3886,3728,3371,3263,115,95,11,14,168,174,1,1,220,181,3574,3435,236,196,52,46,246,240,7,8,551,498,387,353,57,59,34,29,18,17,7,2,48,38,430,387,93,85,44,37,28,23,8,4
050,44,003,Rhode Island,Kent County,3,3,9108,4718,4390,4076,3789,182,168,26,25,171,156,6,1,257,251,4323,4023,326,310,82,74,253,235,14,12,4222,3873,3698,3419,127,105,14,7,167,141,2,1,214,200,3906,3609,241,210,61,41,241,215,9,8,496,517,378,370,55,63,12,18,4,15,4,0,43,51,417,414,85,100,21,33,12,20,5,4
050,44,003,Rhode Island,Kent County,3,4,8914,4647,4267,4096,3768,144,146,29,18,146,121,4,0,228,214,4307,3964,262,260,74,67,226,189,15,9,4152,3822,3700,3408,100,108,17,10,142,117,3,0,190,179,3877,3572,194,199,53,49,214,181,10,8,495,445,396,360,44,38,12,8,4,4,1,0,38,35,430,392,68,61,21,18,12,8,5,1
050,44,003,Rhode Island,Kent County,3,5,8688,4432,4256,3885,3749,182,165,23,23,127,140,22,8,193,171,4069,3905,278,254,58,63,199,203,28,13,3984,3786,3548,3378,136,107,14,12,123,124,1,7,162,158,3702,3522,213,190,44,48,187,183,7,12,448,470,337,371,46,58,9,11,4,16,21,1,31,13,367,383,65,64,14,15,12,20,21,1
050,44,003,Rhode Island,Kent County,3,6,10975,5568,5407,4956,4850,236,174,25,32,158,209,26,6,167,136,5112,4975,320,242,69,66,211,253,36,12,4998,4941,4502,4480,186,121,11,16,152,205,3,3,144,116,4637,4587,257,178,49,44,200,244,11,8,570,466,454,370,50,53,14,16,6,4,23,3,23,20,475,388,63,64,20,22,11,9,25,4
050,44,003,Rhode Island,Kent County,3,7,12005,6024,5981,5350,5333,249,206,44,42,241,256,7,7,133,137,5469,5449,309,281,90,84,287,300,14,16,5493,5518,4923,4985,186,148,22,22,240,252,4,5,118,106,5028,5076,238,201,62,54,285,291,10,11,531,463,427,348,63,58,22,20,1,4,3,2,15,31,441,373,71,80,28,30,2,9,4,5
050,44,003,Rhode Island,Kent County,3,8,11415,5791,5624,5104,4979,260,180,25,36,299,318,7,7,96,104,5188,5069,304,227,54,65,329,357,15,14,5270,5185,4687,4633,194,137,10,21,291,305,7,5,81,84,4756,4706,227,170,36,46,320,339,15,9,521,439,417,346,66,43,15,15,8,13,0,2,15,20,432,363,77,57,18,19,9,18,0,5
050,44,003,Rhode Island,Kent County,3,9,10628,5306,5322,4753,4827,231,165,40,27,189,212,7,7,86,84,4828,4898,268,202,69,56,218,236,13,16,4885,4935,4423,4515,189,131,24,12,183,205,1,3,65,69,4481,4572,213,158,48,38,207,227,5,11,421,387,330,312,42,34,16,15,6,7,6,4,21,15,347,326,55,44,21,18,11,9,8,5
050,44,003,Rhode Island,Kent County,3,10,10038,4961,5077,4483,4668,193,151,30,18,167,173,2,7,86,60,4560,4722,228,170,61,38,191,196,9,11,4652,4716,4241,4371,161,119,23,6,163,170,0,4,64,46,4297,4412,183,131,46,22,185,189,6,8,309,361,242,297,32,32,7,12,4,3,2,3,22,14,263,310,45,39,15,16,6,7,3,3
050,44,003,Rhode Island,Kent County,3,11,12142,5966,6176,5520,5775,174,144,33,31,166,148,6,5,67,73,5572,5838,198,174,62,69,189,165,14,7,5702,5877,5309,5520,143,123,22,22,163,147,3,3,62,62,5356,5572,163,146,50,56,186,164,11,5,264,299,211,255,31,21,11,9,3,1,3,2,5,11,216,266,35,28,12,13,3,1,3,2
050,44,003,Rhode Island,Kent County,3,12,13277,6351,6926,6017,6524,130,109,23,26,124,202,2,4,55,61,6065,6574,151,133,51,60,137,222,7,7,6148,6729,5850,6369,111,88,14,20,121,197,2,2,50,53,5894,6411,129,106,41,51,133,217,6,5,203,197,167,155,19,21,9,6,3,5,0,2,5,8,171,163,22,27,10,9,4,5,1,2
050,44,003,Rhode Island,Kent County,3,13,13284,6308,6976,5967,6632,119,121,16,21,156,130,2,9,48,63,6009,6684,132,141,43,51,171,152,3,15,6187,6795,5872,6494,104,99,11,16,155,128,1,4,44,54,5910,6538,116,113,35,44,170,148,2,10,121,181,95,138,15,22,5,5,1,2,1,5,4,9,99,146,16,28,8,7,1,4,1,5
050,44,003,Rhode Island,Kent County,3,14,11290,5293,5997,5053,5750,92,90,23,24,81,91,3,3,41,39,5091,5784,102,99,45,43,91,104,6,9,5185,5844,4974,5622,75,78,18,15,81,90,2,3,35,36,5006,5653,79,86,40,33,91,102,5,9,108,153,79,128,17,12,5,9,0,1,1,0,6,3,85,131,23,13,5,10,0,2,1,0
050,44,003,Rhode Island,Kent County,3,15,9102,4173,4929,3989,4747,61,61,8,13,84,74,1,1,30,33,4015,4772,71,74,25,32,91,79,4,7,4109,4831,3940,4667,55,51,6,10,81,74,1,0,26,29,3962,4688,62,60,22,28,88,79,4,6,64,98,49,80,6,10,2,3,3,0,0,1,4,4,53,84,9,14,3,4,3,0,0,1
050,44,003,Rhode Island,Kent County,3,16,5908,2641,3267,2551,3153,35,43,14,10,29,39,1,0,11,22,2561,3171,40,53,18,20,33,43,2,2,2607,3207,2526,3110,29,32,13,9,29,38,1,0,9,18,2534,3124,32,38,17,19,33,42,2,2,34,60,25,43,6,11,1,1,0,1,0,0,2,4,27,47,8,15,1,1,0,1,0,0
050,44,003,Rhode Island,Kent County,3,17,3643,1435,2208,1386,2121,17,27,5,18,20,32,1,0,6,10,1391,2130,20,31,7,23,20,33,3,1,1415,2175,1371,2093,16,24,4,18,20,32,1,0,3,8,1373,2100,18,26,5,23,20,33,2,1,20,33,15,28,1,3,1,0,0,0,0,0,3,2,18,30,2,5,2,0,0,0,1,0
050,44,003,Rhode Island,Kent County,3,18,3840,1258,2582,1209,2497,18,40,5,7,24,33,2,0,0,5,1209,2500,18,42,5,9,24,35,2,1,1227,2538,1184,2462,14,32,4,7,23,33,2,0,0,4,1184,2464,14,34,4,9,23,34,2,1,31,44,25,35,4,8,1,0,1,0,0,0,0,1,25,36,4,8,1,0,1,1,0,0
050,44,005,Rhode Island,Newport County,1,0,85643,42643,43000,38106,38954,2101,1667,274,238,844,869,66,52,1252,1220,39242,40036,2793,2356,560,510,1241,1277,135,120,39908,40538,36065,37066,1770,1417,182,162,794,819,31,22,1066,1052,37035,38000,2332,1986,425,401,1166,1194,84,82,2735,2462,2041,1888,331,250,92,76,50,50,35,30,186,168,2207,2036,461,370,135,109,75,83,51,38
050,44,005,Rhode Island,Newport County,1,1,3669,1927,1742,1572,1437,134,113,23,23,42,33,5,8,151,128,1714,1553,224,195,46,44,92,77,14,10,1650,1462,1385,1237,91,82,12,11,36,26,3,3,123,103,1502,1332,163,146,31,25,82,66,7,5,277,280,187,200,43,31,11,12,6,7,2,5,28,25,212,221,61,49,15,19,10,11,7,5
050,44,005,Rhode Island,Newport County,1,2,3836,1953,1883,1571,1521,135,130,27,28,70,43,3,4,147,157,1704,1667,229,228,53,53,114,93,8,12,1716,1650,1427,1368,89,96,11,19,63,34,2,3,124,130,1540,1490,164,174,31,39,104,80,6,8,237,233,144,153,46,34,16,9,7,9,1,1,23,27,164,177,65,54,22,14,10,13,2,4
050,44,005,Rhode Island,Newport County,1,3,4235,2161,2074,1798,1709,107,109,27,19,57,53,5,6,167,178,1954,1873,210,220,53,45,107,113,11,14,1937,1851,1648,1552,78,87,17,8,48,48,2,0,144,156,1783,1698,163,181,39,29,96,103,7,5,224,223,150,157,29,22,10,11,9,5,3,6,23,22,171,175,47,39,14,16,11,10,4,9
050,44,005,Rhode Island,Newport County,1,4,5109,2595,2514,2145,2161,181,121,16,11,61,58,4,11,188,152,2320,2301,292,209,49,34,122,112,10,20,2326,2297,1930,1990,154,100,10,8,57,53,3,4,172,142,2091,2121,252,180,41,30,116,105,8,13,269,217,215,171,27,21,6,3,4,5,1,7,16,10,229,180,40,29,8,4,6,7,2,7
050,44,005,Rhode Island,Newport County,1,5,5362,2846,2516,2445,2185,172,135,18,21,75,53,3,2,133,120,2561,2289,236,204,43,47,130,93,13,7,2583,2278,2238,1995,144,118,12,15,72,51,1,1,116,98,2343,2082,195,174,31,35,125,84,9,5,263,238,207,190,28,17,6,6,3,2,2,1,17,22,218,207,41,30,12,12,5,9,4,2
050,44,005,Rhode Island,Newport County,1,6,5349,2927,2422,2510,2093,193,155,24,19,75,49,4,2,121,104,2624,2189,262,215,53,41,113,84,9,4,2655,2179,2307,1913,160,116,14,15,72,46,2,2,100,87,2402,1993,215,168,37,33,105,75,5,4,272,243,203,180,33,39,10,4,3,3,2,0,21,17,222,196,47,47,16,8,8,9,4,0
050,44,005,Rhode Island,Newport County,1,7,5259,2698,2561,2383,2302,166,116,33,17,51,54,6,4,59,68,2436,2361,193,159,50,28,71,76,9,8,2461,2338,2202,2120,139,97,25,13,49,47,0,2,46,59,2242,2171,160,132,38,23,66,68,3,6,237,223,181,182,27,19,8,4,2,7,6,2,13,9,194,190,33,27,12,5,5,8,6,2
050,44,005,Rhode Island,Newport County,1,8,4885,2608,2277,2268,2028,170,102,15,12,72,68,18,2,65,65,2325,2082,205,138,33,27,91,92,24,6,2365,2114,2085,1894,147,89,9,5,67,68,7,1,50,57,2127,1941,172,118,24,19,84,91,12,5,243,163,183,134,23,13,6,7,5,0,11,1,15,8,198,141,33,20,9,8,7,1,12,1
050,44,005,Rhode Island,Newport County,1,9,4512,2304,2208,2031,1965,167,108,11,10,39,70,5,5,51,50,2078,2007,198,134,27,26,50,84,7,8,2116,2053,1891,1848,138,90,6,8,37,68,2,0,42,39,1929,1879,162,108,21,23,47,81,4,2,188,155,140,117,29,18,5,2,2,2,3,5,9,11,149,128,36,26,6,3,3,3,3,6
050,44,005,Rhode Island,Newport County,1,10,4830,2444,2386,2220,2176,129,84,8,15,47,68,2,1,38,42,2254,2212,145,100,20,27,57,85,7,5,2310,2269,2117,2073,111,80,4,10,46,66,1,0,31,40,2146,2107,123,95,12,22,56,82,5,4,134,117,103,103,18,4,4,5,1,2,1,1,7,2,108,105,22,5,8,5,1,3,2,1
050,44,005,Rhode Island,Newport County,1,11,5686,2751,2935,2495,2737,128,79,11,6,86,74,1,3,30,36,2520,2766,142,96,21,20,92,87,7,7,2628,2830,2388,2649,122,73,10,4,85,71,1,2,22,31,2405,2673,130,86,19,17,91,84,6,6,123,105,107,88,6,6,1,2,1,3,0,1,8,5,115,93,12,10,2,3,1,3,1,1
050,44,005,Rhode Island,Newport County,1,12,6700,3276,3424,3090,3210,98,89,17,16,29,80,4,2,38,27,3123,3233,111,99,32,28,43,89,7,5,3181,3342,3010,3145,93,80,11,10,29,79,4,2,34,26,3039,3167,105,89,25,22,42,88,6,5,95,82,80,65,5,9,6,6,0,1,0,0,4,1,84,66,6,10,7,6,1,1,1,0
050,44,005,Rhode Island,Newport County,1,13,6647,3218,3429,3044,3239,118,94,18,13,18,46,2,0,18,37,3060,3266,124,107,26,29,24,59,3,5,3158,3362,2993,3189,112,87,18,9,16,44,2,0,17,33,3008,3212,118,97,25,25,22,56,3,5,60,67,51,50,6,7,0,4,2,2,0,0,1,4,52,54,6,10,1,4,2,3,0,0
050,44,005,Rhode Island,Newport County,1,14,5965,2850,3115,2716,2991,71,72,7,9,34,29,1,2,21,12,2731,3002,79,75,22,14,41,33,2,3,2816,3073,2690,2956,66,65,6,9,33,29,0,2,21,12,2705,2967,74,68,21,14,40,33,1,3,34,42,26,35,5,7,1,0,1,0,1,0,0,0,26,35,5,7,1,0,1,0,1,0
050,44,005,Rhode Island,Newport County,1,15,5313,2561,2752,2457,2658,53,44,8,4,29,34,2,0,12,12,2465,2668,59,48,15,11,32,35,3,3,2524,2724,2428,2635,49,42,6,4,29,33,0,0,12,10,2436,2643,55,44,13,11,32,34,1,3,37,28,29,23,4,2,2,0,0,1,2,0,0,2,29,25,4,4,2,0,0,1,2,0
050,44,005,Rhode Island,Newport County,1,16,3598,1668,1930,1596,1855,37,30,5,8,21,22,0,0,9,15,1604,1866,39,38,10,17,24,25,0,1,1650,1902,1579,1831,36,30,5,7,21,21,0,0,9,13,1587,1840,38,37,10,15,24,24,0,1,18,28,17,24,1,0,0,1,0,1,0,0,0,2,17,26,1,1,0,2,0,1,0,0
050,44,005,Rhode Island,Newport County,1,17,2185,972,1213,919,1137,24,45,5,4,21,22,1,0,2,5,921,1141,26,47,5,9,21,22,1,0,964,1206,912,1130,24,45,5,4,21,22,1,0,1,5,913,1134,25,47,5,9,21,22,1,0,8,7,7,7,0,0,0,0,0,0,0,0,1,0,8,7,1,0,0,0,0,0,0,0
050,44,005,Rhode Island,Newport County,1,18,2503,884,1619,846,1550,18,41,1,3,17,13,0,0,2,12,848,1560,19,44,2,10,17,18,0,2,868,1608,835,1541,17,40,1,3,13,13,0,0,2,11,837,1550,18,42,2,10,13,18,0,2,16,11,11,9,1,1,0,0,4,0,0,0,0,1,11,10,1,2,0,0,4,0,0,0
050,44,005,Rhode Island,Newport County,2,0,85388,42509,42879,37994,38831,2085,1663,279,244,842,865,65,51,1244,1225,39119,39906,2737,2326,549,517,1278,1284,127,131,39787,40407,35957,36937,1758,1412,182,164,795,816,31,22,1064,1056,36923,37859,2282,1956,416,399,1198,1209,85,94,2722,2472,2037,1894,327,251,97,80,47,49,34,29,180,169,2196,2047,455,370,133,118,80,75,42,37
050,44,005,Rhode Island,Newport County,2,1,3609,1896,1713,1547,1417,132,112,24,22,41,31,6,8,146,123,1679,1529,217,182,46,41,95,78,10,11,1620,1437,1363,1220,88,81,12,10,36,25,3,3,118,98,1471,1310,153,134,29,24,84,66,6,6,276,276,184,197,44,31,12,12,5,6,3,5,28,25,208,219,64,48,17,17,11,12,4,5
050,44,005,Rhode Island,Newport County,2,2,3817,1956,1861,1575,1506,135,126,26,29,71,42,3,4,146,154,1708,1642,220,226,49,54,122,92,10,14,1720,1629,1430,1355,89,92,10,19,64,33,2,3,125,127,1543,1470,160,169,29,36,111,80,8,11,236,232,145,151,46,34,16,10,7,9,1,1,21,27,165,172,60,57,20,18,11,12,2,3
050,44,005,Rhode Island,Newport County,2,3,4202,2141,2061,1781,1699,107,109,27,18,56,51,5,5,165,179,1936,1868,205,214,56,44,105,115,11,9,1921,1841,1631,1542,79,86,17,9,49,46,2,0,143,158,1769,1690,158,178,41,32,96,105,7,3,220,220,150,157,28,23,10,9,7,5,3,5,22,21,167,178,47,36,15,12,9,10,4,6
050,44,005,Rhode Island,Newport County,2,4,5075,2572,2503,2127,2153,177,118,19,12,60,56,4,10,185,154,2301,2293,278,201,51,41,130,114,7,18,2312,2286,1918,1981,152,98,13,8,56,51,3,4,170,144,2078,2114,245,174,42,34,121,107,6,11,260,217,209,172,25,20,6,4,4,5,1,6,15,10,223,179,33,27,9,7,9,7,1,7
050,44,005,Rhode Island,Newport County,2,5,5340,2832,2508,2432,2170,170,136,17,21,75,54,3,3,135,124,2555,2281,238,207,41,45,130,98,12,5,2569,2267,2225,1980,142,118,11,15,72,52,1,1,118,101,2336,2070,196,174,30,33,126,92,8,2,263,241,207,190,28,18,6,6,3,2,2,2,17,23,219,211,42,33,11,12,4,6,4,3
050,44,005,Rhode Island,Newport County,2,6,5337,2922,2415,2504,2081,195,154,24,20,75,51,4,2,120,107,2612,2178,257,211,53,45,119,86,9,6,2654,2171,2303,1899,162,116,14,15,72,49,2,2,101,90,2395,1979,212,165,38,36,109,80,6,5,268,244,201,182,33,38,10,5,3,2,2,0,19,17,217,199,45,46,15,9,10,6,3,1
050,44,005,Rhode Island,Newport County,2,7,5218,2672,2546,2361,2289,162,115,32,19,51,52,5,4,61,67,2417,2346,192,153,48,31,72,73,7,12,2437,2321,2183,2107,135,96,23,13,49,45,0,2,47,58,2226,2156,155,126,36,23,68,66,2,10,235,225,178,182,27,19,9,6,2,7,5,2,14,9,191,190,37,27,12,8,4,7,5,2
050,44,005,Rhode Island,Newport County,2,8,4873,2594,2279,2258,2030,169,101,15,13,69,69,17,2,66,64,2314,2086,201,133,36,26,92,91,18,8,2356,2115,2079,1895,145,88,9,6,64,68,7,1,52,57,2121,1944,168,114,27,17,85,90,8,7,238,164,179,135,24,13,6,7,5,1,10,1,14,7,193,142,33,19,9,9,7,1,10,1
050,44,005,Rhode Island,Newport County,2,9,4517,2309,2208,2042,1966,160,107,13,10,40,68,5,5,49,52,2085,2007,181,135,26,27,58,81,8,13,2119,2055,1896,1851,135,90,7,8,38,66,2,0,41,40,1931,1881,153,110,18,22,53,79,5,6,190,153,146,115,25,17,6,2,2,2,3,5,8,12,154,126,28,25,8,5,5,2,3,7
050,44,005,Rhode Island,Newport County,2,10,4748,2401,2347,2178,2138,130,85,9,14,45,67,2,1,37,42,2209,2171,147,100,19,28,56,83,9,8,2264,2227,2074,2033,111,81,4,9,44,65,1,0,30,39,2099,2063,123,94,13,22,54,81,7,7,137,120,104,105,19,4,5,5,1,2,1,1,7,3,110,108,24,6,6,6,2,2,2,1
050,44,005,Rhode Island,Newport County,2,11,5664,2748,2916,2494,2717,127,81,11,8,83,72,1,3,32,35,2521,2742,143,96,18,23,94,83,7,8,2624,2809,2387,2628,121,74,10,5,82,69,1,2,23,31,2405,2649,129,86,17,20,93,79,6,7,124,107,107,89,6,7,1,3,1,3,0,1,9,4,116,93,14,10,1,3,1,4,1,1
050,44,005,Rhode Island,Newport County,2,12,6675,3258,3417,3067,3197,100,93,18,15,32,81,4,2,37,29,3100,3221,114,104,31,28,43,91,7,3,3160,3331,2986,3128,94,84,11,9,32,80,4,2,33,28,3015,3151,104,94,24,22,43,90,7,3,98,86,81,69,6,9,7,6,0,1,0,0,4,1,85,70,10,10,7,6,0,1,0,0
050,44,005,Rhode Island,Newport County,2,13,6638,3211,3427,3039,3232,116,94,17,15,19,48,2,0,18,38,3054,3263,121,108,24,30,25,62,5,3,3151,3358,2987,3181,111,86,17,11,17,46,2,0,17,34,3001,3208,115,97,24,26,23,59,5,3,60,69,52,51,5,8,0,4,2,2,0,0,1,4,53,55,6,11,0,4,2,3,0,0
050,44,005,Rhode Island,Newport County,2,14,6001,2871,3130,2735,3004,73,74,8,9,33,29,1,2,21,12,2752,3013,80,81,18,12,41,33,3,4,2835,3087,2707,2968,68,67,7,9,32,29,0,2,21,12,2724,2977,75,74,17,12,40,33,2,4,36,43,28,36,5,7,1,0,1,0,1,0,0,0,28,36,5,7,1,0,1,0,1,0
050,44,005,Rhode Island,Newport County,2,15,5356,2578,2778,2474,2684,52,43,8,4,30,35,2,0,12,12,2483,2695,56,46,16,9,32,37,3,3,2540,2751,2444,2662,48,41,6,4,30,34,0,0,12,10,2453,2671,52,42,14,9,32,36,1,3,38,27,30,22,4,2,2,0,0,1,2,0,0,2,30,24,4,4,2,0,0,1,2,0
050,44,005,Rhode Island,Newport County,2,16,3622,1680,1942,1604,1867,39,30,5,8,22,22,0,0,10,15,1613,1877,44,39,9,14,24,24,0,3,1662,1913,1587,1843,38,30,5,7,22,21,0,0,10,12,1596,1850,43,37,9,12,24,23,0,3,18,29,17,24,1,0,0,1,0,1,0,0,0,3,17,27,1,2,0,2,0,1,0,0
050,44,005,Rhode Island,Newport County,2,17,2208,986,1222,934,1147,22,42,5,4,22,23,1,0,2,6,936,1152,23,44,6,8,22,24,1,1,977,1214,926,1139,22,42,5,4,22,23,1,0,1,6,927,1144,22,44,6,8,22,24,1,1,9,8,8,8,0,0,0,0,0,0,0,0,1,0,9,8,1,0,0,0,0,0,0,0
050,44,005,Rhode Island,Newport County,2,18,2488,882,1606,842,1534,19,43,1,3,18,14,0,0,2,12,844,1542,20,46,2,11,18,19,0,2,866,1595,831,1525,18,42,1,3,14,14,0,0,2,11,833,1532,19,44,2,11,14,19,0,2,16,11,11,9,1,1,0,0,4,0,0,0,0,1,11,10,1,2,0,0,4,0,0,0
050,44,005,Rhode Island,Newport County,3,0,85264,42445,42819,37896,38756,2040,1644,301,249,881,889,64,42,1263,1239,39024,39847,2713,2305,582,525,1325,1323,122,105,39666,40300,35789,36811,1731,1389,195,162,829,839,30,20,1092,1079,36769,37756,2285,1946,435,400,1242,1244,80,78,2779,2519,2107,1945,309,255,106,87,52,50,34,22,171,160,2255,2091,428,359,147,125,83,79,42,27
050,44,005,Rhode Island,Newport County,3,1,3525,1864,1661,1525,1359,121,110,29,22,40,35,6,7,143,128,1655,1476,207,186,49,44,94,83,12,8,1568,1380,1325,1163,79,73,12,8,35,31,2,3,115,102,1432,1258,145,132,27,23,84,73,5,3,296,281,200,196,42,37,17,14,5,4,4,4,28,26,223,218,62,54,22,21,10,10,7,5
050,44,005,Rhode Island,Newport County,3,2,3721,1924,1797,1555,1455,121,128,28,28,71,46,4,4,145,136,1687,1580,214,211,50,47,119,90,9,10,1683,1557,1397,1294,81,92,11,18,62,36,3,2,129,115,1514,1400,161,160,32,32,107,77,7,8,241,240,158,161,40,36,17,10,9,10,1,2,16,21,173,180,53,51,18,15,12,13,2,2
050,44,005,Rhode Island,Newport County,3,3,4002,2032,1970,1679,1610,104,106,24,21,66,50,4,2,155,181,1828,1778,193,212,51,46,118,113,5,8,1820,1752,1536,1449,74,85,13,12,59,43,1,0,137,163,1668,1601,151,178,37,34,107,103,2,4,212,218,143,161,30,21,11,9,7,7,3,2,18,18,160,177,42,34,14,12,11,10,3,4
050,44,005,Rhode Island,Newport County,3,4,5049,2560,2489,2107,2140,177,112,26,12,57,57,5,7,188,161,2280,2289,278,204,57,37,126,115,13,15,2283,2263,1881,1963,153,90,20,7,51,51,4,4,174,148,2042,2099,245,173,47,30,117,108,12,11,277,226,226,177,24,22,6,5,6,6,1,3,14,13,238,190,33,31,10,7,9,7,1,4
050,44,005,Rhode Island,Newport County,3,5,5311,2807,2504,2405,2173,156,135,15,23,82,50,3,5,146,118,2538,2282,226,194,40,40,144,97,7,11,2555,2274,2206,1996,134,117,10,14,79,49,1,1,125,97,2322,2085,189,166,30,29,136,87,5,6,252,230,199,177,22,18,5,9,3,1,2,4,21,21,216,197,37,28,10,11,8,10,2,5
050,44,005,Rhode Island,Newport County,3,6,5426,2992,2434,2568,2107,192,137,20,15,78,54,4,2,130,119,2684,2208,263,201,50,40,122,97,9,10,2712,2195,2346,1925,166,103,12,9,76,52,2,2,110,104,2446,2012,223,159,35,29,117,92,4,10,280,239,222,182,26,34,8,6,2,2,2,0,20,15,238,196,40,42,15,11,5,5,5,0
050,44,005,Rhode Island,Newport County,3,7,5249,2694,2555,2359,2302,177,120,29,21,54,46,3,2,72,64,2418,2357,217,156,56,33,75,68,5,6,2475,2329,2198,2116,149,102,19,15,52,40,0,2,57,54,2244,2162,179,130,40,24,72,62,2,6,219,226,161,186,28,18,10,6,2,6,3,0,15,10,174,195,38,26,16,9,3,6,3,0
050,44,005,Rhode Island,Newport County,3,8,4977,2605,2372,2277,2119,155,93,27,13,69,77,15,3,62,67,2332,2175,182,128,42,27,94,101,19,8,2364,2185,2090,1965,135,77,18,6,63,75,5,0,53,62,2136,2017,156,107,32,19,86,99,9,5,241,187,187,154,20,16,9,7,6,2,10,3,9,5,196,158,26,21,10,8,8,2,10,3
050,44,005,Rhode Island,Newport County,3,9,4555,2297,2258,2034,2005,151,110,19,10,41,75,7,3,45,55,2073,2050,174,142,34,26,52,91,12,6,2096,2098,1879,1883,128,92,12,8,38,73,4,1,35,41,1910,1915,146,113,22,21,47,88,8,4,201,160,155,122,23,18,7,2,3,2,3,2,10,14,163,135,28,29,12,5,5,3,4,2
050,44,005,Rhode Island,Newport County,3,10,4480,2268,2212,2037,2009,131,82,10,12,46,66,4,1,40,42,2070,2044,152,98,19,22,61,85,9,6,2117,2095,1923,1901,108,81,5,9,46,65,2,0,33,39,1950,1933,124,95,12,19,60,83,7,5,151,117,114,108,23,1,5,3,0,1,2,1,7,3,120,111,28,3,7,3,1,2,2,1
050,44,005,Rhode Island,Newport County,3,11,5513,2695,2818,2461,2620,120,77,12,11,74,69,1,2,27,39,2482,2648,134,95,19,31,83,81,5,3,2582,2708,2363,2531,113,71,11,6,72,66,1,1,22,33,2379,2553,122,86,18,23,81,78,5,2,113,110,98,89,7,6,1,5,2,3,0,1,5,6,103,95,12,9,1,8,2,3,0,1
050,44,005,Rhode Island,Newport County,3,12,6601,3199,3402,2987,3177,104,97,14,12,53,84,2,1,39,31,3019,3203,118,107,30,30,67,93,4,3,3089,3316,2895,3107,98,88,8,8,53,82,2,1,33,30,2922,3132,108,98,23,25,65,91,4,3,110,86,92,70,6,9,6,4,0,2,0,0,6,1,97,71,10,9,7,5,2,2,0,0
050,44,005,Rhode Island,Newport County,3,13,6704,3253,3451,3085,3249,106,93,18,17,21,56,2,1,21,35,3104,3278,112,104,24,36,29,66,5,3,3192,3378,3033,3193,101,85,17,11,19,55,2,1,20,33,3051,3220,106,96,23,28,27,65,5,3,61,73,52,56,5,8,1,6,2,1,0,0,1,2,53,58,6,8,1,8,2,1,0,0
050,44,005,Rhode Island,Newport County,3,14,6110,2928,3182,2778,3036,88,85,10,10,31,31,1,2,20,18,2792,3049,95,93,23,21,37,36,2,3,2886,3128,2744,2992,82,76,10,10,30,30,0,2,20,18,2758,3005,89,84,23,21,36,35,1,3,42,54,34,44,6,9,0,0,1,1,1,0,0,0,34,44,6,9,0,0,1,1,1,0
050,44,005,Rhode Island,Newport County,3,15,5596,2681,2915,2577,2819,50,48,9,5,31,31,1,0,13,12,2586,2829,55,51,18,11,34,35,2,2,2646,2887,2549,2796,46,46,7,5,31,30,0,0,13,10,2558,2805,51,48,16,10,34,33,1,2,35,28,28,23,4,2,2,0,0,1,1,0,0,2,28,24,4,3,2,1,0,2,1,0
050,44,005,Rhode Island,Newport County,3,16,3709,1734,1975,1649,1897,45,29,4,10,23,22,1,0,12,17,1659,1910,49,39,9,18,26,25,3,1,1708,1947,1627,1874,43,29,3,9,23,21,0,0,12,14,1637,1884,47,37,8,17,26,23,2,1,26,28,22,23,2,0,1,1,0,1,1,0,0,3,22,26,2,2,1,1,0,2,1,0
050,44,005,Rhode Island,Newport County,3,17,2304,1048,1256,998,1187,20,36,5,3,22,23,1,0,2,7,1000,1193,21,37,6,8,22,25,1,0,1040,1245,990,1176,20,36,5,3,22,23,1,0,2,7,992,1182,21,37,6,8,22,25,1,0,8,11,8,11,0,0,0,0,0,0,0,0,0,0,8,11,0,0,0,0,0,0,0,0
050,44,005,Rhode Island,Newport County,3,18,2432,864,1568,815,1492,22,46,2,4,22,17,0,0,3,9,817,1498,23,47,5,8,22,22,0,2,850,1563,807,1487,21,46,2,4,18,17,0,0,2,9,808,1493,22,47,4,8,18,22,0,2,14,5,8,5,1,0,0,0,4,0,0,0,1,0,9,5,1,0,1,0,4,0,0,0
050,44,007,Rhode Island,Providence County,1,0,660741,324162,336579,251453,261262,41634,42646,4884,4960,14397,15300,919,963,10875,11448,260914,271031,49253,50707,7735,8180,16773,17767,1406,1477,242566,256685,190852,202839,29005,29514,1354,1450,13703,14614,251,264,7401,8004,197227,209585,33883,34803,3327,3723,15621,16666,578,642,81596,79894,60601,58423,12629,13132,3530,3510,694,686,668,699,3474,3444,63687,61446,15370,15904,4408,4457,1152,1101,828,835
050,44,007,Rhode Island,Providence County,1,1,37252,18957,18295,12568,12154,3143,3156,751,610,1034,928,129,121,1332,1326,13764,13357,4136,4133,1027,875,1313,1229,174,159,11332,10918,7710,7342,1700,1725,78,83,948,834,20,25,876,909,8509,8178,2325,2370,227,239,1185,1088,45,47,7625,7377,4858,4812,1443,1431,673,527,86,94,109,96,456,417,5255,5179,1811,1763,800,636,128,141,129,112
050,44,007,Rhode Island,Providence County,1,2,36801,19004,17797,12716,11659,3187,3209,697,722,917,867,138,115,1349,1225,13925,12760,4224,4144,965,967,1202,1121,175,156,11508,10897,7747,7216,1839,1885,104,92,826,777,22,17,970,910,8626,8039,2548,2554,281,256,1070,999,46,50,7496,6900,4969,4443,1348,1324,593,630,91,90,116,98,379,315,5299,4721,1676,1590,684,711,132,122,129,106
050,44,007,Rhode Island,Providence County,1,3,38584,19770,18814,14081,13113,3172,3157,354,375,794,824,52,50,1317,1295,15277,14272,4172,4132,622,646,1062,1086,90,95,12667,12189,8813,8283,2047,2097,115,105,726,750,16,12,950,942,9681,9138,2732,2779,306,278,952,973,41,35,7103,6625,5268,4830,1125,1060,239,270,68,74,36,38,367,353,5596,5134,1440,1353,316,368,110,113,49,60
050,44,007,Rhode Island,Providence County,1,4,45153,22589,22564,16563,16245,3318,3348,333,347,1005,1292,64,78,1306,1254,17733,17365,4228,4236,620,623,1339,1591,111,138,15503,15939,11234,11342,2255,2355,104,92,952,1235,19,18,939,897,12079,12146,2881,2962,294,276,1228,1484,45,58,7086,6625,5329,4903,1063,993,229,255,53,57,45,60,367,357,5654,5219,1347,1274,326,347,111,107,66,80
050,44,007,Rhode Island,Providence County,1,5,46854,23366,23488,17267,16815,3433,3530,302,321,1202,1662,58,94,1104,1066,18267,17756,4196,4259,522,576,1486,1963,93,121,16218,17002,11893,11969,2336,2473,93,124,1145,1623,11,21,740,792,12567,12665,2824,2988,227,296,1368,1880,38,45,7148,6486,5374,4846,1097,1057,209,197,57,39,47,73,364,274,5700,5091,1372,1271,295,280,118,83,55,76
050,44,007,Rhode Island,Providence County,1,6,50033,25253,24780,18522,18120,3809,3636,351,358,1579,1587,55,70,937,1009,19352,18964,4480,4390,578,643,1780,1778,94,109,17825,17911,12913,12990,2607,2511,117,124,1532,1537,11,27,645,722,13478,13593,3049,3019,280,322,1684,1699,42,57,7428,6869,5609,5130,1202,1125,234,234,47,50,44,43,292,287,5874,5371,1431,1371,298,321,96,79,52,52
050,44,007,Rhode Island,Providence County,1,7,51033,26057,24976,19540,18687,3622,3352,388,331,1663,1709,77,55,767,842,20191,19379,4119,3962,626,564,1845,1878,116,102,19334,18761,14425,14019,2641,2334,118,113,1597,1658,29,23,524,614,14854,14522,2971,2755,278,278,1735,1806,62,60,6723,6215,5115,4668,981,1018,270,218,66,51,48,32,243,228,5337,4857,1148,1207,348,286,110,72,54,42
050,44,007,Rhode Island,Providence County,1,8,44413,22472,21941,16945,16465,3037,2984,304,318,1553,1444,66,61,567,669,17416,17028,3443,3454,465,520,1668,1583,94,85,16529,16415,12319,12320,2252,2112,92,112,1491,1411,19,16,356,444,12598,12686,2476,2394,204,252,1590,1530,46,30,5943,5526,4626,4145,785,872,212,206,62,33,47,45,211,225,4818,4342,967,1060,261,268,78,53,48,55
050,44,007,Rhode Island,Providence County,1,9,39102,19685,19417,15366,14928,2637,2690,294,293,899,857,47,62,442,587,15723,15417,2947,3114,439,482,984,968,71,89,14149,14270,11046,11084,1897,1889,91,93,852,817,15,25,248,362,11236,11366,2056,2123,184,234,906,905,31,47,5536,5147,4320,3844,740,801,203,200,47,40,32,37,194,225,4487,4051,891,991,255,248,78,63,40,42
050,44,007,Rhode Island,Providence County,1,10,39495,19351,20144,15584,15996,2360,2516,236,256,740,870,39,49,392,457,15886,16359,2612,2790,379,422,822,980,81,91,14605,15155,11831,12167,1736,1765,68,86,712,835,6,13,252,289,12013,12380,1879,1911,172,202,782,921,34,48,4746,4989,3753,3829,624,751,168,170,28,35,33,36,140,168,3873,3979,733,879,207,220,40,59,47,43
050,44,007,Rhode Island,Providence County,1,11,42908,21105,21803,17270,17836,2464,2502,240,232,777,740,55,50,299,443,17515,18191,2650,2788,357,426,829,815,80,76,16818,17238,13885,14348,1869,1830,102,79,750,703,24,13,188,265,14024,14536,1969,1973,191,232,796,765,41,31,4287,4565,3385,3488,595,672,138,153,27,37,31,37,111,178,3491,3655,681,815,166,194,33,50,39,45
050,44,007,Rhode Island,Providence County,1,12,44867,21906,22961,18552,19205,2157,2401,205,242,611,676,39,40,342,397,18823,19505,2354,2654,353,423,683,750,64,62,18432,19089,15830,16292,1685,1794,80,94,591,652,17,17,229,240,16005,16457,1804,1919,197,226,640,708,32,36,3474,3872,2722,2913,472,607,125,148,20,24,22,23,113,157,2818,3048,550,735,156,197,43,42,32,26
050,44,007,Rhode Island,Providence County,1,13,41948,20234,21714,17201,18537,2031,2061,164,211,516,584,38,33,284,288,17421,18746,2193,2219,301,356,576,654,59,54,17682,18775,15268,16300,1628,1594,71,100,505,566,20,12,190,203,15407,16436,1718,1698,173,220,553,615,32,30,2552,2939,1933,2237,403,467,93,111,11,18,18,21,94,85,2014,2310,475,521,128,136,23,39,27,24
050,44,007,Rhode Island,Providence County,1,14,33649,15926,17723,13818,15448,1390,1451,109,134,403,462,20,33,186,195,13967,15590,1497,1567,197,226,434,500,27,49,14121,15669,12446,13914,1107,1104,52,59,386,450,9,9,121,133,12530,14002,1160,1175,133,137,411,479,16,20,1805,2054,1372,1534,283,347,57,75,17,12,11,24,65,62,1437,1588,337,392,64,89,23,21,11,29
050,44,007,Rhode Island,Providence County,1,15,25823,12042,13781,10706,12304,827,918,50,70,308,319,20,24,131,146,10798,12401,896,1001,111,152,330,345,45,41,10824,12303,9787,11150,623,707,18,33,304,304,3,5,89,104,9843,11213,670,757,74,101,322,321,11,21,1218,1478,919,1154,204,211,32,37,4,15,17,19,42,42,955,1188,226,244,37,51,8,24,34,20
050,44,007,Rhode Island,Providence County,1,16,17232,7497,9735,6697,8673,490,685,46,59,196,222,12,8,56,88,6749,8737,519,738,75,103,208,234,16,13,6832,8746,6222,7947,353,488,22,27,192,217,3,3,40,64,6258,7989,371,527,47,62,199,226,6,8,665,989,475,726,137,197,24,32,4,5,9,5,16,24,491,748,148,211,28,41,9,8,10,5
050,44,007,Rhode Island,Providence County,1,17,11549,4608,6941,4126,6209,286,492,35,36,118,126,4,15,39,63,4162,6262,304,520,56,69,122,138,6,21,4188,6336,3798,5750,225,403,19,15,117,119,2,7,27,42,3824,5782,237,421,35,42,119,126,3,13,420,605,328,459,61,89,16,21,1,7,2,8,12,21,338,480,67,99,21,27,3,12,3,8
050,44,007,Rhode Island,Providence County,1,18,14045,4340,9705,3931,8868,271,558,25,45,82,131,6,5,25,98,3945,8942,283,606,42,107,90,154,10,16,3999,9072,3685,8406,205,448,10,19,77,126,5,1,17,72,3695,8457,213,478,24,70,81,141,7,6,341,633,246,462,66,110,15,26,5,5,1,4,8,26,250,485,70,128,18,37,9,13,3,10
050,44,007,Rhode Island,Providence County,2,0,660015,323809,336206,250976,260789,41738,42720,4922,4979,14330,15274,924,983,10919,11461,260504,270583,49393,50812,7800,8248,16689,17722,1409,1469,241996,256057,190284,202235,29053,29533,1349,1441,13627,14578,248,268,7435,8002,196701,209008,33969,34836,3346,3747,15518,16606,567,624,81813,80149,60692,58554,12685,13187,3573,3538,703,696,676,715,3484,3459,63803,61575,15424,15976,4454,4501,1171,1116,842,845
050,44,007,Rhode Island,Providence County,2,1,36937,18766,18171,12415,12058,3116,3144,762,615,1010,919,133,130,1330,1305,13607,13235,4121,4118,1036,884,1277,1205,176,162,11199,10813,7621,7283,1686,1716,78,82,921,821,20,25,873,886,8412,8094,2317,2357,229,238,1149,1060,41,43,7567,7358,4794,4775,1430,1428,684,533,89,98,113,105,457,419,5195,5141,1804,1761,807,646,128,145,135,119
050,44,007,Rhode Island,Providence County,2,2,36851,18992,17859,12698,11686,3192,3227,698,724,917,874,135,115,1352,1233,13907,12795,4239,4181,977,982,1196,1127,171,151,11461,10895,7718,7212,1829,1882,101,89,824,780,20,18,969,914,8594,8043,2543,2563,284,262,1060,1000,44,44,7531,6964,4980,4474,1363,1345,597,635,93,94,115,97,383,319,5313,4752,1696,1618,693,720,136,127,127,107
050,44,007,Rhode Island,Providence County,2,3,38374,19690,18684,13989,12984,3167,3149,371,389,797,824,54,54,1312,1284,15184,14130,4167,4113,642,662,1058,1082,89,100,12582,12079,8734,8193,2040,2087,115,103,728,750,16,13,949,933,9603,9039,2730,2765,309,277,948,968,37,37,7108,6605,5255,4791,1127,1062,256,286,69,74,38,41,363,351,5581,5091,1437,1348,333,385,110,114,52,63
050,44,007,Rhode Island,Providence County,2,4,44984,22504,22480,16507,16190,3294,3319,329,344,998,1285,62,79,1314,1263,17689,17324,4209,4210,612,619,1335,1598,117,139,15428,15872,11180,11291,2238,2334,104,92,944,1230,17,18,945,907,12038,12110,2870,2945,291,271,1219,1491,48,58,7076,6608,5327,4899,1056,985,225,252,54,55,45,61,369,356,5651,5214,1339,1265,321,348,116,107,69,81
050,44,007,Rhode Island,Providence County,2,5,46685,23285,23400,17175,16742,3442,3544,301,321,1200,1639,60,90,1107,1064,18177,17680,4192,4264,520,578,1490,1940,98,121,16143,16904,11812,11899,2345,2476,93,120,1139,1599,11,19,743,791,12491,12596,2824,2981,222,294,1367,1859,39,45,7142,6496,5363,4843,1097,1068,208,201,61,40,49,71,364,273,5686,5084,1368,1283,298,284,123,81,59,76
050,44,007,Rhode Island,Providence County,2,6,49668,25028,24640,18365,18018,3793,3627,343,357,1525,1559,54,73,948,1006,19211,18855,4470,4383,571,645,1729,1745,88,110,17646,17782,12796,12906,2592,2500,114,123,1480,1508,11,28,653,717,13371,13501,3045,3007,280,325,1628,1664,33,58,7382,6858,5569,5112,1201,1127,229,234,45,51,43,45,295,289,5840,5354,1425,1376,291,320,101,81,55,52
050,44,007,Rhode Island,Providence County,2,7,51296,26197,25099,19633,18776,3682,3379,394,331,1645,1703,75,56,768,854,20286,19482,4177,4002,632,566,1836,1871,111,99,19407,18830,14478,14060,2672,2355,119,115,1580,1653,27,23,531,624,14910,14579,3006,2786,283,282,1724,1797,57,57,6790,6269,5155,4716,1010,1024,275,216,65,50,48,33,237,230,5376,4903,1171,1216,349,284,112,74,54,42
050,44,007,Rhode Island,Providence County,2,8,44542,22575,21967,17014,16503,3045,2974,306,311,1565,1448,68,61,577,670,17499,17070,3458,3447,469,520,1675,1580,98,87,16629,16444,12398,12361,2255,2101,91,107,1505,1414,21,15,359,446,12683,12730,2480,2384,202,255,1601,1527,49,33,5946,5523,4616,4142,790,873,215,204,60,34,47,46,218,224,4816,4340,978,1063,267,265,74,53,49,54
050,44,007,Rhode Island,Providence County,2,9,39355,19832,19523,15457,15000,2672,2708,295,292,910,870,47,62,451,591,15825,15491,2995,3137,449,487,985,982,71,84,14257,14348,11095,11132,1937,1900,93,96,863,830,15,25,254,365,11289,11418,2101,2138,194,238,912,919,33,44,5575,5175,4362,3868,735,808,202,196,47,40,32,37,197,226,4536,4073,894,999,255,249,73,63,38,40
050,44,007,Rhode Island,Providence County,2,10,39170,19221,19949,15436,15801,2370,2513,237,258,744,871,40,48,394,458,15751,16168,2623,2788,375,431,828,979,82,86,14436,14966,11665,11982,1731,1761,67,87,715,836,6,12,252,288,11855,12197,1876,1907,166,209,785,919,35,46,4785,4983,3771,3819,639,752,170,171,29,35,34,36,142,170,3896,3971,747,881,209,222,43,60,47,40
050,44,007,Rhode Island,Providence County,2,11,42653,20951,21702,17130,17729,2457,2505,237,233,777,742,53,52,297,441,17374,18086,2637,2788,355,420,833,817,78,76,16674,17130,13744,14237,1871,1836,99,76,751,704,23,13,186,264,13881,14426,1967,1978,189,225,800,765,41,29,4277,4572,3386,3492,586,669,138,157,26,38,30,39,111,177,3493,3660,670,810,166,195,33,52,37,47
050,44,007,Rhode Island,Providence County,2,12,44776,21873,22903,18500,19142,2170,2404,208,240,612,679,41,41,342,397,18769,19446,2369,2657,358,425,683,751,64,57,18341,18985,15734,16188,1688,1789,80,93,592,656,18,18,229,241,15906,16357,1809,1915,200,230,641,710,32,31,3532,3918,2766,2954,482,615,128,147,20,23,23,23,113,156,2863,3089,560,742,158,195,42,41,32,26
050,44,007,Rhode Island,Providence County,2,13,41956,20220,21736,17185,18531,2031,2080,166,212,520,584,38,34,280,295,17401,18748,2192,2243,307,353,579,654,54,56,17637,18760,15224,16268,1628,1609,71,99,507,565,19,13,188,206,15362,16411,1720,1712,175,215,554,614,28,32,2583,2976,1961,2263,403,471,95,113,13,19,19,21,92,89,2039,2337,472,531,132,138,25,40,26,24
050,44,007,Rhode Island,Providence County,2,14,33955,16082,17873,13949,15542,1408,1487,111,140,403,470,21,34,190,200,14101,15689,1516,1608,204,234,433,510,30,49,14243,15780,12556,13982,1116,1134,52,62,385,457,10,9,124,136,12642,14073,1170,1208,138,142,408,488,19,19,1839,2093,1393,1560,292,353,59,78,18,13,11,25,66,64,1459,1616,346,400,66,92,25,22,11,30
050,44,007,Rhode Island,Providence County,2,15,26055,12134,13921,10784,12430,837,922,54,71,306,324,20,24,133,150,10879,12531,906,1006,116,156,328,351,46,40,10901,12421,9852,11258,632,707,21,35,302,309,3,6,91,106,9911,11323,679,758,77,104,320,328,13,20,1233,1500,932,1172,205,215,33,36,4,15,17,18,42,44,968,1208,227,248,39,52,8,23,33,20
050,44,007,Rhode Island,Providence County,2,16,17316,7568,9748,6758,8684,497,688,46,59,196,221,12,8,59,88,6813,8749,528,740,76,106,208,234,18,12,6896,8753,6278,7949,360,493,21,27,192,216,3,3,42,65,6316,7992,378,531,47,66,198,227,7,7,672,995,480,735,137,195,25,32,4,5,9,5,17,23,497,757,150,209,29,40,10,7,11,5
050,44,007,Rhode Island,Providence County,2,17,11534,4596,6938,4100,6208,291,487,37,35,123,126,5,16,40,66,4137,6264,306,517,59,71,128,138,7,22,4167,6329,3767,5742,226,401,19,15,122,119,3,8,30,44,3795,5776,237,421,37,44,125,126,4,14,429,609,333,466,65,86,18,20,1,7,2,8,10,22,342,488,69,96,22,27,3,12,3,8
050,44,007,Rhode Island,Providence County,2,18,13908,4295,9613,3881,8765,274,563,27,47,82,136,6,6,25,96,3894,8840,288,610,42,109,88,158,11,18,3949,8966,3632,8292,207,452,11,20,77,131,5,2,17,69,3642,8343,217,480,23,70,79,144,7,7,346,647,249,473,67,111,16,27,5,5,1,4,8,27,252,497,71,130,19,39,9,14,4,11
050,44,007,Rhode Island,Providence County,3,0,658221,323079,335142,249582,259237,42267,43079,5007,4965,14177,15175,950,995,11096,11691,259295,269285,50084,51385,7882,8242,16554,17681,1427,1472,239900,253801,188115,199937,29243,29633,1333,1407,13459,14439,252,269,7498,8116,194615,206864,34219,35041,3313,3699,15361,16507,555,611,83179,81341,61467,59300,13024,13446,3674,3558,718,736,698,726,3598,3575,64680,62421,15865,16344,4569,4543,1193,1174,872,861
050,44,007,Rhode Island,Providence County,3,1,35687,18169,17518,11979,11595,3123,3095,686,560,936,869,138,135,1307,1264,13147,12736,4108,4046,970,818,1197,1143,183,168,10680,10261,7260,6914,1638,1657,72,75,854,755,20,22,836,838,8018,7682,2241,2265,224,220,1072,979,42,43,7489,7257,4719,4681,1485,1438,614,485,82,114,118,113,471,426,5129,5054,1867,1781,746,598,125,164,141,125
050,44,007,Rhode Island,Providence County,3,2,37003,18944,18059,12599,11852,3233,3233,721,698,906,892,136,107,1349,1277,13807,13004,4276,4216,1003,962,1182,1153,166,147,11256,10934,7599,7239,1799,1868,94,83,811,789,21,23,932,932,8446,8091,2483,2560,270,254,1039,1012,38,50,7688,7125,5000,4613,1434,1365,627,615,95,103,115,84,417,345,5361,4913,1793,1656,733,708,143,141,128,97
050,44,007,Rhode Island,Providence County,3,3,37647,19311,18336,13572,12577,3134,3158,435,435,798,808,67,69,1305,1289,14762,13734,4137,4132,701,708,1051,1070,104,109,12146,11746,8371,7910,1984,2064,111,96,727,728,21,14,932,934,9227,8763,2662,2744,299,269,941,952,44,32,7165,6590,5201,4667,1150,1094,324,339,71,80,46,55,373,355,5535,4971,1475,1388,402,439,110,118,60,77
050,44,007,Rhode Island,Providence County,3,4,44557,22319,22238,16312,16012,3267,3250,335,353,988,1242,61,76,1356,1305,17539,17187,4207,4178,625,628,1335,1570,108,137,15252,15597,11007,11094,2219,2264,108,96,928,1184,13,17,977,942,11897,11949,2870,2904,300,277,1212,1457,36,57,7067,6641,5305,4918,1048,986,227,257,60,58,48,59,379,363,5642,5238,1337,1274,325,351,123,113,72,80
050,44,007,Rhode Island,Providence County,3,5,46289,23120,23169,16977,16555,3466,3554,309,330,1178,1548,57,73,1133,1109,18002,17539,4244,4309,527,594,1472,1862,101,100,15966,16610,11611,11684,2358,2473,95,114,1114,1508,11,14,777,817,12319,12410,2869,2995,228,288,1352,1781,44,36,7154,6559,5366,4871,1108,1081,214,216,64,40,46,59,356,292,5683,5129,1375,1314,299,306,120,81,57,64
050,44,007,Rhode Island,Providence County,3,6,48391,24356,24035,17904,17547,3719,3585,323,340,1357,1483,60,82,993,998,18794,18397,4437,4345,552,616,1571,1664,95,116,17055,17294,12412,12516,2529,2485,101,119,1316,1435,13,30,684,709,13023,13119,3009,2994,263,312,1468,1587,36,54,7301,6741,5492,5031,1190,1100,222,221,41,48,47,52,309,289,5771,5278,1428,1351,289,304,103,77,59,62
050,44,007,Rhode Island,Providence County,3,7,52348,26675,25673,19978,19132,3843,3542,403,324,1600,1696,66,59,785,920,20647,19900,4361,4220,637,574,1789,1872,105,103,19573,19081,14581,14148,2776,2474,117,116,1532,1643,21,24,546,676,15028,14713,3126,2948,282,293,1674,1797,53,60,7102,6592,5397,4984,1067,1068,286,208,68,53,45,35,239,244,5619,5187,1235,1272,355,281,115,75,52,43
050,44,007,Rhode Island,Providence County,3,8,45091,22941,22150,17261,16736,3131,2936,308,298,1550,1445,72,63,619,672,17784,17310,3574,3417,477,499,1674,1579,97,84,16925,16607,12630,12568,2301,2072,88,95,1493,1403,25,17,388,452,12941,12947,2548,2367,204,236,1600,1520,48,32,6016,5543,4631,4168,830,864,220,203,57,42,47,46,231,220,4843,4363,1026,1050,273,263,74,59,49,52
050,44,007,Rhode Island,Providence County,3,9,40322,20355,19967,15748,15264,2771,2803,307,299,1002,941,52,61,475,599,16141,15764,3111,3245,461,491,1086,1056,70,88,14645,14659,11272,11305,2034,1952,96,108,952,902,17,23,274,369,11485,11597,2212,2198,198,249,1007,993,31,44,5710,5308,4476,3959,737,851,211,191,50,39,35,38,201,230,4656,4167,899,1047,263,242,79,63,39,44
050,44,007,Rhode Island,Providence County,3,10,37537,18511,19026,14760,14884,2329,2487,241,260,753,854,41,50,387,491,15062,15286,2582,2789,375,435,832,965,87,87,13637,14099,10953,11146,1656,1730,64,88,718,821,6,14,240,300,11130,11377,1795,1886,158,211,783,905,37,46,4874,4927,3807,3738,673,757,177,172,35,33,35,36,147,191,3932,3909,787,903,217,224,49,60,50,41
050,44,007,Rhode Island,Providence County,3,11,42052,20610,21442,16760,17424,2455,2548,246,237,793,744,46,56,310,433,17023,17772,2645,2828,361,421,847,825,71,78,16283,16825,13331,13905,1880,1870,102,66,766,707,17,11,187,266,13475,14099,1978,2011,187,213,813,773,33,27,4327,4617,3429,3519,575,678,144,171,27,37,29,45,123,167,3548,3673,667,817,174,208,34,52,38,51
050,44,007,Rhode Island,Providence County,3,12,43996,21545,22451,18081,18656,2239,2404,223,240,620,710,44,42,338,399,18357,18963,2435,2658,365,420,689,789,68,58,17771,18310,15139,15532,1703,1751,82,84,601,685,21,20,225,238,15311,15703,1824,1873,194,214,650,743,34,33,3774,4141,2942,3124,536,653,141,156,19,25,23,22,113,161,3046,3260,611,785,171,206,39,46,34,25
050,44,007,Rhode Island,Providence County,3,13,42090,20284,21806,17206,18519,2066,2124,172,206,525,599,43,31,272,327,17414,18761,2224,2303,305,363,578,678,61,54,17612,18733,15153,16185,1673,1642,68,94,512,578,19,14,187,220,15289,16335,1766,1753,170,222,555,628,31,33,2672,3073,2053,2334,393,482,104,112,13,21,24,17,85,107,2125,2426,458,550,135,141,23,50,30,21
050,44,007,Rhode Island,Providence County,3,14,35049,16608,18441,14345,15917,1487,1623,119,167,429,492,25,32,203,210,14511,16067,1601,1752,215,265,467,529,34,50,14637,16165,12853,14228,1175,1238,53,72,410,479,14,6,132,142,12948,14320,1229,1314,143,156,441,509,23,18,1971,2276,1492,1689,312,385,66,95,19,13,11,26,71,68,1563,1747,372,438,72,109,26,20,11,32
050,44,007,Rhode Island,Providence County,3,15,27268,12649,14619,11218,13060,896,968,64,75,316,341,18,27,137,148,11318,13158,970,1052,128,155,336,369,42,43,11330,13038,10200,11829,693,733,31,37,311,328,3,8,92,103,10260,11892,742,783,89,102,328,346,11,22,1319,1581,1018,1231,203,235,33,38,5,13,15,19,45,45,1058,1266,228,269,39,53,8,23,31,21
050,44,007,Rhode Island,Providence County,3,16,17669,7792,9877,6948,8762,523,717,49,60,201,239,12,10,59,89,7001,8828,555,766,74,111,213,251,15,14,7084,8831,6439,7987,385,515,21,29,197,234,2,3,40,63,6473,8029,403,552,43,66,204,243,4,7,708,1046,509,775,138,202,28,31,4,5,10,7,19,26,528,799,152,214,31,45,9,8,11,7
050,44,007,Rhode Island,Providence County,3,17,11672,4650,7022,4126,6290,303,491,35,34,137,122,7,15,42,70,4165,6352,321,522,60,73,141,136,8,20,4193,6363,3781,5786,224,393,18,13,134,116,4,6,32,49,3811,5827,237,414,37,46,136,125,5,11,457,659,345,504,79,98,17,21,3,6,3,9,10,21,354,525,84,108,23,27,5,11,3,9
050,44,007,Rhode Island,Providence County,3,18,13553,4240,9313,3808,8455,282,561,31,49,88,150,5,7,26,91,3821,8527,296,607,46,109,94,170,12,16,3855,8648,3523,7961,216,452,12,22,83,144,4,3,17,66,3534,8011,225,480,24,71,86,157,5,6,385,665,285,494,66,109,19,27,5,6,1,4,9,25,287,516,71,127,22,38,8,13,7,10
050,44,009,Rhode Island,Washington County,1,0,129839,63268,66571,58960,62423,1066,883,611,555,1255,1439,19,30,1357,1241,60179,63507,1743,1500,1075,1004,1692,1845,85,89,61039,64210,57219,60506,911,733,473,461,1228,1416,9,15,1199,1079,58301,61457,1479,1237,887,848,1631,1785,60,66,2229,2361,1741,1917,155,150,138,94,27,23,10,15,158,162,1878,2050,264,263,188,156,61,60,25,23
050,44,009,Rhode Island,Washington County,1,1,4761,2478,2283,2192,2019,40,43,44,30,53,60,1,0,148,131,2324,2141,124,109,85,65,106,110,5,2,2310,2109,2074,1885,30,36,26,14,53,58,0,0,127,116,2189,1994,100,93,58,44,103,104,1,2,168,174,118,134,10,7,18,16,0,2,1,0,21,15,135,147,24,16,27,21,3,6,4,0
050,44,009,Rhode Island,Washington County,1,2,5337,2716,2621,2425,2323,62,67,58,42,38,51,0,1,133,137,2546,2448,139,148,97,82,83,96,2,5,2495,2411,2269,2179,46,51,29,25,38,49,0,0,113,107,2372,2280,109,110,61,54,78,87,2,2,221,210,156,144,16,16,29,17,0,2,0,1,20,30,174,168,30,38,36,28,5,9,0,3
050,44,009,Rhode Island,Washington County,1,3,6491,3255,3236,2931,2949,45,31,34,42,61,64,2,1,182,149,3104,3086,144,116,89,81,119,114,5,4,3053,3032,2767,2781,37,26,22,34,58,64,1,0,168,127,2927,2898,124,96,72,62,116,111,3,3,202,204,164,168,8,5,12,8,3,0,1,1,14,22,177,188,20,20,17,19,3,3,2,1
050,44,009,Rhode Island,Washington County,1,4,10874,5186,5688,4619,5087,176,210,57,54,140,137,2,6,192,194,4799,5262,274,316,107,103,210,208,6,17,4897,5312,4401,4806,141,161,47,44,135,129,1,1,172,171,4562,4963,229,249,92,86,197,194,3,10,289,376,218,281,35,49,10,10,5,8,1,5,20,23,237,299,45,67,15,17,13,14,3,7
050,44,009,Rhode Island,Washington County,1,5,11893,6016,5877,5353,5339,203,152,65,44,184,216,5,5,206,121,5541,5447,318,212,126,82,251,259,14,11,5759,5615,5156,5130,178,128,52,36,181,214,2,2,190,105,5331,5224,283,177,109,67,242,255,10,7,257,262,197,209,25,24,13,8,3,2,3,3,16,16,210,223,35,35,17,15,9,4,4,4
050,44,009,Rhode Island,Washington County,1,6,6593,3444,3149,3118,2865,62,53,40,30,120,94,1,3,103,104,3208,2952,113,107,75,65,154,128,8,8,3269,2993,2977,2740,54,46,30,26,117,93,1,1,90,87,3056,2814,96,87,60,56,147,122,7,6,175,156,141,125,8,7,10,4,3,1,0,2,13,17,152,138,17,20,15,9,7,6,1,2
050,44,009,Rhode Island,Washington County,1,7,6093,3047,3046,2824,2833,48,49,48,24,60,80,3,1,64,59,2877,2884,76,81,68,48,85,97,9,4,2915,2868,2725,2680,42,40,33,19,58,78,1,0,56,51,2771,2725,64,66,51,40,82,93,6,2,132,178,99,153,6,9,15,5,2,2,2,1,8,8,106,159,12,15,17,8,3,4,3,2
050,44,009,Rhode Island,Washington County,1,8,6358,3216,3142,2988,2947,66,39,42,27,73,83,2,1,45,45,3028,2986,89,60,52,46,89,98,6,4,3057,3009,2858,2838,58,29,38,23,71,80,1,1,31,38,2885,2872,68,45,45,36,86,94,5,4,159,133,130,109,8,10,4,4,2,3,1,0,14,7,143,114,21,15,7,10,3,4,1,0
050,44,009,Rhode Island,Washington County,1,9,6348,3149,3199,2895,3004,76,35,27,24,107,87,1,2,43,47,2931,3041,94,58,48,43,118,99,3,7,2989,3060,2761,2877,63,31,21,19,106,87,1,2,37,44,2792,2911,77,52,39,38,116,99,2,6,160,139,134,127,13,4,6,5,1,0,0,0,6,3,139,130,17,6,9,5,2,0,1,1
050,44,009,Rhode Island,Washington County,1,10,6911,3360,3551,3171,3336,47,39,23,24,68,97,0,2,51,53,3214,3378,69,59,46,50,84,114,5,6,3264,3454,3094,3255,40,34,20,21,67,97,0,1,43,46,3130,3292,57,50,40,44,82,111,4,5,96,97,77,81,7,5,3,3,1,0,0,1,8,7,84,86,12,9,6,6,2,3,1,1
050,44,009,Rhode Island,Washington County,1,11,8798,4216,4582,4038,4380,36,30,28,42,58,81,0,1,56,48,4088,4419,52,46,57,70,76,94,4,4,4109,4446,3951,4258,33,26,24,38,52,81,0,1,49,42,3996,4292,45,40,50,63,68,91,4,4,107,136,87,122,3,4,4,4,6,0,0,0,7,6,92,127,7,6,7,7,8,3,0,0
050,44,009,Rhode Island,Washington County,1,12,10757,5165,5592,4935,5356,72,24,42,48,75,119,0,1,41,44,4970,5390,89,40,65,78,83,131,4,2,5074,5483,4864,5258,65,20,33,42,74,118,0,1,38,44,4896,5292,79,36,56,72,81,130,3,2,91,109,71,98,7,4,9,6,1,1,0,0,3,0,74,98,10,4,9,6,2,1,1,0
050,44,009,Rhode Island,Washington County,1,13,10625,5170,5455,4987,5257,52,33,30,27,77,97,0,2,24,39,5006,5290,59,44,46,51,82,109,3,3,5119,5395,4943,5201,49,31,27,27,77,97,0,2,23,37,4961,5232,55,42,43,50,82,108,3,3,51,60,44,56,3,2,3,0,0,0,0,0,1,2,45,58,4,2,3,1,0,1,0,0
050,44,009,Rhode Island,Washington County,1,14,9396,4563,4833,4438,4679,28,27,25,25,54,73,1,1,17,28,4454,4702,35,38,35,41,56,80,2,4,4507,4797,4390,4650,25,26,24,24,54,72,0,0,14,25,4403,4670,29,34,34,40,56,79,1,3,56,36,48,29,3,1,1,1,0,1,1,1,3,3,51,32,6,4,1,1,0,1,1,1
050,44,009,Rhode Island,Washington County,1,15,7588,3647,3941,3553,3838,18,19,21,30,34,36,1,2,20,16,3569,3851,25,24,34,36,37,41,3,5,3623,3921,3531,3823,18,17,21,29,34,36,1,2,18,14,3545,3835,24,20,34,35,37,41,2,4,24,20,22,15,0,2,0,1,0,0,0,0,2,2,24,16,1,4,0,1,0,0,1,1
050,44,009,Rhode Island,Washington County,1,16,4943,2323,2620,2257,2552,13,9,8,24,27,24,0,1,18,10,2274,2558,18,13,18,31,30,26,2,2,2307,2599,2242,2535,13,8,7,22,27,24,0,1,18,9,2259,2540,18,11,17,29,30,26,2,2,16,21,15,17,0,1,1,2,0,0,0,0,0,1,15,18,0,2,1,2,0,0,0,0
050,44,009,Rhode Island,Washington County,1,17,2819,1208,1611,1165,1573,11,11,12,7,15,11,0,0,5,9,1170,1581,12,14,14,14,16,12,1,1,1196,1583,1154,1545,10,11,12,7,15,11,0,0,5,9,1159,1553,11,14,14,14,16,12,1,1,12,28,11,28,1,0,0,0,0,0,0,0,0,0,11,28,1,0,0,0,0,0,0,0
050,44,009,Rhode Island,Washington County,1,18,3254,1109,2145,1071,2086,11,12,7,11,11,29,0,0,9,7,1076,2091,13,15,13,18,13,29,3,0,1096,2123,1062,2065,9,12,7,11,11,28,0,0,7,7,1067,2070,11,15,12,18,12,28,1,0,13,22,9,21,2,0,0,0,0,1,0,0,2,0,9,21,2,0,1,0,1,1,2,0
050,44,009,Rhode Island,Washington County,2,0,129753,63222,66531,58902,62372,1068,887,601,549,1271,1448,20,30,1360,1245,60094,63448,1739,1511,1058,987,1744,1875,91,93,60972,64168,57151,60459,908,732,463,453,1241,1426,10,15,1199,1083,58206,61394,1479,1252,865,825,1679,1819,70,64,2250,2363,1751,1913,160,155,138,96,30,22,10,15,161,162,1888,2054,260,259,193,162,65,56,21,29
050,44,009,Rhode Island,Washington County,2,1,4741,2467,2274,2188,2006,40,43,39,29,56,60,1,0,143,136,2318,2132,118,119,78,60,107,112,3,3,2296,2101,2068,1873,29,35,23,15,56,58,0,0,120,120,2177,1984,91,99,53,42,106,108,1,1,171,173,120,133,11,8,16,14,0,2,1,0,23,16,141,148,27,20,25,18,1,4,2,2
050,44,009,Rhode Island,Washington County,2,2,5325,2716,2609,2419,2315,63,64,57,42,40,53,0,1,137,134,2541,2437,141,136,95,76,87,100,2,5,2498,2404,2265,2171,47,50,28,26,40,51,0,0,118,106,2372,2268,112,104,58,53,84,92,2,3,218,205,154,144,16,14,29,16,0,2,0,1,19,28,169,169,29,32,37,23,3,8,0,2
050,44,009,Rhode Island,Washington County,2,3,6414,3224,3190,2901,2900,43,37,34,40,63,63,2,1,181,149,3066,3032,143,124,84,80,128,117,9,9,3019,2985,2738,2735,34,30,21,32,59,63,1,0,166,125,2889,2848,123,98,67,60,123,112,7,5,205,205,163,165,9,7,13,8,4,0,1,1,15,24,177,184,20,26,17,20,5,5,2,4
050,44,009,Rhode Island,Washington County,2,4,10855,5166,5689,4605,5091,177,206,56,54,135,137,2,6,191,195,4778,5268,277,312,104,102,208,209,8,15,4874,5311,4386,4807,141,158,45,44,130,129,1,1,171,172,4541,4962,229,251,88,87,196,194,5,9,292,378,219,284,36,48,11,10,5,8,1,5,20,23,237,306,48,61,16,15,12,15,3,6
050,44,009,Rhode Island,Washington County,2,5,11853,5994,5859,5328,5324,204,153,63,44,187,215,5,5,207,118,5517,5428,305,214,121,79,268,260,14,10,5737,5598,5133,5117,178,128,50,35,184,213,2,2,190,103,5306,5208,272,181,103,62,258,254,11,6,257,261,195,207,26,25,13,9,3,2,3,3,17,15,211,220,33,33,18,17,10,6,3,4
050,44,009,Rhode Island,Washington County,2,6,6598,3455,3143,3129,2863,60,53,39,27,121,94,1,3,105,103,3222,2950,114,110,71,63,157,128,8,7,3276,2990,2984,2740,53,46,28,23,118,93,1,1,92,87,3067,2815,98,89,55,52,152,124,8,5,179,153,145,123,7,7,11,4,3,1,0,2,13,16,155,135,16,21,16,11,5,4,0,2
050,44,009,Rhode Island,Washington County,2,7,6131,3068,3063,2839,2842,49,53,46,26,63,80,3,1,68,61,2895,2895,79,82,69,46,90,103,8,5,2934,2885,2740,2693,43,42,32,20,59,78,1,0,59,52,2790,2737,69,67,52,35,81,98,6,3,134,178,99,149,6,11,14,6,4,2,2,1,9,9,105,158,10,15,17,11,9,5,2,2
050,44,009,Rhode Island,Washington County,2,8,6347,3206,3141,2977,2944,67,37,43,29,74,85,2,1,43,45,3015,2982,90,57,57,46,90,103,3,3,3048,3008,2847,2834,59,28,38,24,72,83,1,1,31,38,2875,2866,72,44,49,36,85,100,2,3,158,133,130,110,8,9,5,5,2,2,1,0,12,7,140,116,18,13,8,10,5,3,1,0
050,44,009,Rhode Island,Washington County,2,9,6370,3154,3216,2902,3020,75,36,27,23,106,87,1,2,43,48,2936,3059,97,59,47,43,116,101,6,7,2994,3074,2769,2891,61,31,21,18,105,87,1,2,37,45,2798,2928,79,52,40,37,115,101,4,6,160,142,133,129,14,5,6,5,1,0,0,0,6,3,138,131,18,7,7,6,1,0,2,1
050,44,009,Rhode Island,Washington County,2,10,6814,3314,3500,3125,3285,49,39,25,24,68,98,0,2,47,52,3160,3329,69,59,46,47,84,114,5,8,3214,3402,3044,3205,41,33,22,20,67,98,0,1,40,45,3074,3243,56,50,40,39,82,113,4,4,100,98,81,80,8,6,3,4,1,0,0,1,7,7,86,86,13,9,6,8,2,1,1,4
050,44,009,Rhode Island,Washington County,2,11,8736,4187,4549,4004,4345,37,30,27,41,60,83,0,1,59,49,4052,4384,57,48,60,71,75,97,6,4,4080,4417,3917,4226,34,27,23,37,55,83,0,1,51,43,3958,4260,51,43,51,63,69,96,5,3,107,132,87,119,3,3,4,4,5,0,0,0,8,6,94,124,6,5,9,8,6,1,1,1
050,44,009,Rhode Island,Washington County,2,12,10712,5145,5567,4919,5331,70,24,41,48,74,118,0,1,41,45,4951,5366,87,39,65,77,85,132,5,3,5054,5456,4848,5232,63,19,33,42,72,117,0,1,38,45,4878,5267,78,34,55,71,81,131,4,3,91,111,71,99,7,5,8,6,2,1,0,0,3,0,73,99,9,5,10,6,4,1,1,0
050,44,009,Rhode Island,Washington County,2,13,10646,5165,5481,4977,5283,53,33,30,26,78,98,0,2,27,39,4998,5314,62,46,45,52,86,107,2,5,5113,5421,4932,5228,50,31,27,25,78,98,0,2,26,37,4952,5257,58,43,42,49,86,107,2,5,52,60,45,55,3,2,3,1,0,0,0,0,1,2,46,57,4,3,3,3,0,0,0,0
050,44,009,Rhode Island,Washington County,2,14,9457,4593,4864,4466,4709,26,28,27,25,56,74,1,1,17,27,4483,4729,29,38,36,43,60,80,2,3,4534,4825,4416,4677,23,27,26,24,56,73,0,0,13,24,4429,4694,24,35,34,41,59,79,1,2,59,39,50,32,3,1,1,1,0,1,1,1,4,3,54,35,5,3,2,2,1,1,1,1
050,44,009,Rhode Island,Washington County,2,15,7684,3682,4002,3585,3896,19,20,21,30,36,37,2,2,19,17,3599,3907,27,28,32,41,41,39,6,4,3656,3980,3561,3880,19,17,21,29,36,37,2,2,17,15,3573,3889,26,23,32,40,41,39,5,4,26,22,24,16,0,3,0,1,0,0,0,0,2,2,26,18,1,5,0,1,0,0,1,0
050,44,009,Rhode Island,Washington County,2,16,4994,2356,2638,2290,2572,13,7,7,23,28,25,0,1,18,10,2305,2578,17,11,20,31,32,27,1,1,2340,2616,2275,2554,13,6,6,21,28,25,0,1,18,9,2290,2560,17,10,19,28,32,26,1,1,16,22,15,18,0,1,1,2,0,0,0,0,0,1,15,18,0,1,1,3,0,1,0,0
050,44,009,Rhode Island,Washington County,2,17,2843,1217,1626,1173,1586,12,12,12,7,15,12,0,0,5,9,1178,1593,14,15,15,14,15,14,0,0,1205,1598,1162,1558,11,12,12,7,15,12,0,0,5,9,1167,1565,13,15,15,14,15,14,0,0,12,28,11,28,1,0,0,0,0,0,0,0,0,0,11,28,1,0,0,0,0,0,0,0
050,44,009,Rhode Island,Washington County,2,18,3233,1113,2120,1075,2060,11,12,7,11,11,29,0,0,9,8,1080,2065,13,14,13,16,15,32,3,1,1100,2097,1066,2038,9,12,7,11,11,28,0,0,7,8,1070,2043,11,14,12,16,14,31,2,1,13,23,9,22,2,0,0,0,0,1,0,0,2,0,10,22,2,0,1,0,1,1,1,0
050,44,009,Rhode Island,Washington County,3,0,130592,63581,67011,59129,62749,1114,946,608,570,1284,1465,22,31,1424,1250,60392,63829,1810,1554,1078,999,1766,1891,116,107,61283,64524,57355,60738,954,780,467,464,1252,1440,12,16,1243,1086,58461,61683,1544,1278,870,833,1694,1828,87,77,2298,2487,1774,2011,160,166,141,106,32,25,10,15,181,164,1931,2146,266,276,208,166,72,63,29,30
050,44,009,Rhode Island,Washington County,3,1,4664,2415,2249,2131,1974,46,53,37,30,52,61,0,0,149,131,2266,2095,125,120,73,63,105,110,8,4,2248,2067,2011,1844,36,39,25,13,52,57,0,0,124,114,2124,1951,99,96,51,40,103,104,5,2,167,182,120,130,10,14,12,17,0,4,0,0,25,17,142,144,26,24,22,23,2,6,3,2
050,44,009,Rhode Island,Washington County,3,2,5285,2694,2591,2383,2299,68,57,56,44,38,56,1,1,148,134,2518,2419,143,131,96,79,95,104,10,7,2481,2390,2233,2153,53,48,28,30,38,54,0,0,129,105,2352,2250,118,100,59,55,91,97,9,3,213,201,150,146,15,9,28,14,0,2,1,1,19,29,166,169,25,31,37,24,4,7,1,4
050,44,009,Rhode Island,Washington County,3,3,6172,3144,3028,2817,2742,41,48,41,40,60,58,2,1,183,139,2985,2868,142,120,91,79,122,112,11,7,2919,2805,2645,2569,31,36,22,28,56,57,1,0,164,115,2795,2675,119,94,66,55,116,102,7,3,225,223,172,173,10,12,19,12,4,1,1,1,19,24,190,193,23,26,25,24,6,10,4,4
050,44,009,Rhode Island,Washington County,3,4,10725,5058,5667,4514,5082,177,194,52,53,126,138,1,6,188,194,4687,5256,276,297,99,100,200,213,6,17,4774,5291,4298,4794,143,149,42,44,122,132,1,1,168,171,4455,4949,231,238,85,85,189,197,4,11,284,376,216,288,34,45,10,9,4,6,0,5,20,23,232,307,45,59,14,15,11,16,2,6
050,44,009,Rhode Island,Washington County,3,5,11885,5973,5912,5293,5358,204,169,63,43,188,209,6,6,219,127,5491,5469,321,231,125,81,272,258,17,10,5720,5633,5106,5136,180,143,49,34,185,205,2,3,198,112,5286,5234,284,197,104,66,259,251,12,6,253,279,187,222,24,26,14,9,3,4,4,3,21,15,205,235,37,34,21,15,13,7,5,4
050,44,009,Rhode Island,Washington County,3,6,6710,3536,3174,3179,2902,73,55,44,34,124,90,1,2,115,91,3285,2981,131,103,80,61,159,118,6,6,3355,3027,3036,2779,64,48,32,29,121,89,1,1,101,81,3128,2850,114,87,64,54,154,116,5,5,181,147,143,123,9,7,12,5,3,1,0,1,14,10,157,131,17,16,16,7,5,2,1,1
050,44,009,Rhode Island,Washington County,3,7,6474,3253,3221,2995,2970,57,62,39,30,75,89,2,2,85,68,3071,3027,94,98,66,52,105,109,9,5,3111,3018,2895,2800,47,51,28,23,70,87,0,0,71,57,2958,2849,77,79,49,42,95,104,6,3,142,203,100,170,10,11,11,7,5,2,2,2,14,11,113,178,17,19,17,10,10,5,3,2
050,44,009,Rhode Island,Washington County,3,8,6471,3264,3207,3019,2999,69,37,47,30,80,88,2,1,47,52,3057,3042,96,63,64,46,94,105,6,5,3102,3065,2890,2882,60,28,39,24,78,86,1,1,34,44,2918,2918,75,48,50,36,91,102,5,5,162,142,129,117,9,9,8,6,2,2,1,0,13,8,139,124,21,15,14,10,3,3,1,0
050,44,009,Rhode Island,Washington County,3,9,6587,3255,3332,2995,3125,80,45,31,20,102,93,1,1,46,48,3033,3164,103,70,48,41,112,105,6,2,3092,3171,2858,2979,71,38,25,15,101,93,1,1,36,45,2886,3016,88,60,40,35,110,105,5,2,163,161,137,146,9,7,6,5,1,0,0,0,10,3,147,148,15,10,8,6,2,0,1,0
050,44,009,Rhode Island,Washington County,3,10,6505,3209,3296,3016,3072,55,44,28,28,70,96,0,3,40,53,3047,3111,69,66,48,56,82,115,8,12,3090,3192,2918,2993,43,33,25,24,69,96,0,2,35,44,2945,3026,54,48,44,45,80,113,6,8,119,104,98,79,12,11,3,4,1,0,0,1,5,9,102,85,15,18,4,11,2,2,2,4
050,44,009,Rhode Island,Washington County,3,11,8591,4103,4488,3917,4271,41,36,23,39,61,87,0,0,61,55,3966,4318,60,56,54,67,80,100,10,7,3995,4355,3827,4152,39,33,19,35,56,87,0,0,54,48,3871,4192,54,49,45,62,74,99,9,5,108,133,90,119,2,3,4,4,5,0,0,0,7,7,95,126,6,7,9,5,6,1,1,2
050,44,009,Rhode Island,Washington County,3,12,10432,5017,5415,4799,5182,65,28,35,53,77,110,0,2,41,40,4831,5214,79,40,57,74,87,122,4,7,4924,5292,4730,5071,57,23,28,46,73,110,0,2,36,40,4758,5103,69,35,48,67,83,122,2,7,93,123,69,111,8,5,7,7,4,0,0,0,5,0,73,111,10,5,9,7,4,0,2,0
050,44,009,Rhode Island,Washington County,3,13,10933,5252,5681,5055,5474,57,30,32,24,74,105,2,2,32,46,5080,5510,66,46,54,52,84,119,4,7,5191,5617,5002,5417,54,29,28,21,74,104,2,2,31,44,5026,5451,63,43,49,49,83,118,4,7,61,64,53,57,3,1,4,3,0,1,0,0,1,2,54,59,3,3,5,3,1,1,0,0
050,44,009,Rhode Island,Washington County,3,14,9787,4743,5044,4603,4872,28,35,31,29,63,82,2,1,16,25,4618,4894,33,44,40,44,66,88,2,1,4687,4994,4557,4828,24,33,29,28,63,81,1,0,13,24,4569,4849,28,41,36,43,66,87,1,0,56,50,46,44,4,2,2,1,0,1,1,1,3,1,49,45,5,3,4,1,0,1,1,1
050,44,009,Rhode Island,Washington County,3,15,8120,3891,4229,3785,4112,22,22,23,30,41,41,2,2,18,22,3798,4128,28,32,33,45,44,45,6,4,3864,4199,3761,4090,22,19,23,29,41,41,2,2,15,18,3772,4102,28,27,32,43,43,44,4,4,27,30,24,22,0,3,0,1,0,0,0,0,3,4,26,26,0,5,1,2,1,1,2,0
050,44,009,Rhode Island,Washington County,3,16,5153,2432,2721,2368,2662,11,7,6,21,26,21,0,1,21,9,2387,2670,21,9,21,26,28,24,1,2,2414,2699,2351,2643,11,6,5,20,26,21,0,1,21,8,2370,2650,21,8,20,24,28,24,1,2,18,22,17,19,0,1,1,1,0,0,0,0,0,1,17,20,0,1,1,2,0,0,0,0
050,44,009,Rhode Island,Washington County,3,17,2971,1267,1704,1221,1653,12,14,14,13,14,16,0,0,6,8,1227,1658,12,16,19,18,15,18,0,2,1253,1676,1208,1626,11,14,14,12,14,16,0,0,6,8,1214,1631,11,16,19,17,15,18,0,2,14,28,13,27,1,0,0,1,0,0,0,0,0,0,13,27,1,0,0,1,0,0,0,0
050,44,009,Rhode Island,Washington County,3,18,3127,1075,2052,1039,2000,8,10,6,9,13,25,0,0,9,8,1045,2005,11,12,10,15,16,26,2,2,1063,2033,1029,1982,8,10,6,9,13,24,0,0,7,8,1034,1987,11,12,9,15,14,25,2,2,12,19,10,18,0,0,0,0,0,1,0,0,2,0,11,18,0,0,1,0,2,1,0,0
